classifier_name,dataset_name,accuracy
Cnn_100_none,FiftyWords,0.610989010989011
cnn_100_all,FiftyWords,0.472527472527472
Resnet_100_none,FiftyWords,0.681318681318681
Resnet_100_all,FiftyWords,0.494505494505494
Encoder_100_none,FiftyWords,0.707692307692308
Encoder_100_all,FiftyWords,0.58021978021978
Inception_100_none,FiftyWords,0.738461538461539
Inception_100_all,FiftyWords,0.551648351648352
Cnn_1000_none,FiftyWords,0.657142857142857
Cnn_1000_all,FiftyWords,0.556043956043956
Resnet_1000_none,FiftyWords,0.716483516483516
Resnet_1000_all,FiftyWords,0.523076923076923
Encoder_1000_none,FiftyWords,0.714285714285714
Encoder_1000_all,FiftyWords,0.606593406593406
Inception_1000_none,FiftyWords,0.824175824175824
Inception_1000_all,FiftyWords,0.705494505494505
Cnn_100_none,Adiac,0.593350383631714
cnn_100_all,Adiac,0.39386189258312
Resnet_100_none,Adiac,0.468030690537084
Resnet_100_all,Adiac,0.355498721227621
Encoder_100_none,Adiac,0.780051150895141
Encoder_100_all,Adiac,0.457800511508951
Inception_100_none,Adiac,0.253196930946292
Inception_100_all,Adiac,0.19693094629156
Cnn_1000_none,Adiac,0.836317135549872
Cnn_1000_all,Adiac,0.621483375959079
Resnet_1000_none,Adiac,0.831202046035806
Resnet_1000_all,Adiac,0.641943734015345
Encoder_1000_none,Adiac,0.785166240409207
Encoder_1000_all,Adiac,0.603580562659846
Inception_1000_none,Adiac,0.820971867007673
Inception_1000_all,Adiac,0.388746803069054
Cnn_100_none,ArrowHead,0.731428571428571
cnn_100_all,ArrowHead,0.708571428571428
Resnet_100_none,ArrowHead,0.788571428571429
Resnet_100_all,ArrowHead,0.628571428571429
Encoder_100_none,ArrowHead,0.805714285714286
Encoder_100_all,ArrowHead,0.817142857142857
Inception_100_none,ArrowHead,0.302857142857143
Inception_100_all,ArrowHead,0.48
Cnn_1000_none,ArrowHead,0.828571428571429
Cnn_1000_all,ArrowHead,0.777142857142857
Resnet_1000_none,ArrowHead,0.845714285714286
Resnet_1000_all,ArrowHead,0.794285714285714
Encoder_1000_none,ArrowHead,0.811428571428571
Encoder_1000_all,ArrowHead,0.777142857142857
Inception_1000_none,ArrowHead,0.845714285714286
Inception_1000_all,ArrowHead,0.782857142857143
Cnn_100_none,Beef,0.466666666666667
cnn_100_all,Beef,0.366666666666667
Resnet_100_none,Beef,0.733333333333333
Resnet_100_all,Beef,0.433333333333333
Encoder_100_none,Beef,0.866666666666667
Encoder_100_all,Beef,0.666666666666667
Inception_100_none,Beef,0.2
Inception_100_all,Beef,0.333333333333333
Cnn_1000_none,Beef,0.766666666666667
Cnn_1000_all,Beef,0.566666666666667
Resnet_1000_none,Beef,0.7
Resnet_1000_all,Beef,0.7
Encoder_1000_none,Beef,0.933333333333333
Encoder_1000_all,Beef,0.766666666666667
Inception_1000_none,Beef,0.7
Inception_1000_all,Beef,0.566666666666667
Cnn_100_none,BeetleFly,0.7
cnn_100_all,BeetleFly,0.8
Resnet_100_none,BeetleFly,0.5
Resnet_100_all,BeetleFly,0.95
Encoder_100_none,BeetleFly,0.75
Encoder_100_all,BeetleFly,0.85
Inception_100_none,BeetleFly,0.9
Inception_100_all,BeetleFly,1
Cnn_1000_none,BeetleFly,0.85
Cnn_1000_all,BeetleFly,1
Resnet_1000_none,BeetleFly,0.95
Resnet_1000_all,BeetleFly,0.95
Encoder_1000_none,BeetleFly,0.65
Encoder_1000_all,BeetleFly,0.85
Inception_1000_none,BeetleFly,0.75
Inception_1000_all,BeetleFly,0.95
Cnn_100_none,BirdChicken,0.9
cnn_100_all,BirdChicken,1
Resnet_100_none,BirdChicken,0.9
Resnet_100_all,BirdChicken,1
Encoder_100_none,BirdChicken,0.65
Encoder_100_all,BirdChicken,0.55
Inception_100_none,BirdChicken,0.85
Inception_100_all,BirdChicken,1
Cnn_1000_none,BirdChicken,0.9
Cnn_1000_all,BirdChicken,1
Resnet_1000_none,BirdChicken,0.9
Resnet_1000_all,BirdChicken,1
Encoder_1000_none,BirdChicken,0.6
Encoder_1000_all,BirdChicken,0.7
Inception_1000_none,BirdChicken,0.9
Inception_1000_all,BirdChicken,1
Cnn_100_none,CBF,0.967777777777778
cnn_100_all,CBF,0.553333333333333
Resnet_100_none,CBF,0.975555555555556
Resnet_100_all,CBF,0.768888888888889
Encoder_100_none,CBF,0.978888888888889
Encoder_100_all,CBF,0.875555555555555
Inception_100_none,CBF,0.92
Inception_100_all,CBF,0.87
Cnn_1000_none,CBF,0.992222222222222
Cnn_1000_all,CBF,0.891111111111111
Resnet_1000_none,CBF,0.998888888888889
Resnet_1000_all,CBF,0.96
Encoder_1000_none,CBF,0.967777777777778
Encoder_1000_all,CBF,0.877777777777778
Inception_1000_none,CBF,0.998888888888889
Inception_1000_all,CBF,0.973333333333333
Cnn_100_none,Car,0.216666666666667
cnn_100_all,Car,0.766666666666667
Resnet_100_none,Car,0.916666666666667
Resnet_100_all,Car,0.75
Encoder_100_none,Car,0.8
Encoder_100_all,Car,0.733333333333333
Inception_100_none,Car,0.7
Inception_100_all,Car,0.666666666666667
Cnn_1000_none,Car,0.883333333333333
Cnn_1000_all,Car,0.883333333333333
Resnet_1000_none,Car,0.933333333333333
Resnet_1000_all,Car,0.85
Encoder_1000_none,Car,0.8
Encoder_1000_all,Car,0.716666666666667
Inception_1000_none,Car,0.9
Inception_1000_all,Car,0.85
Cnn_100_none,ChlorineConcentration,0.297916666666667
cnn_100_all,ChlorineConcentration,0.559635416666667
Resnet_100_none,ChlorineConcentration,0.818229166666667
Resnet_100_all,ChlorineConcentration,0.542708333333333
Encoder_100_none,ChlorineConcentration,0.80234375
Encoder_100_all,ChlorineConcentration,0.55859375
Inception_100_none,ChlorineConcentration,0.757552083333333
Inception_100_all,ChlorineConcentration,0.559114583333333
Cnn_1000_none,ChlorineConcentration,0.8234375
Cnn_1000_all,ChlorineConcentration,0.564322916666667
Resnet_1000_none,ChlorineConcentration,0.860677083333333
Resnet_1000_all,ChlorineConcentration,0.561979166666667
Encoder_1000_none,ChlorineConcentration,0.851302083333333
Encoder_1000_all,ChlorineConcentration,0.599479166666667
Inception_1000_none,ChlorineConcentration,0.857552083333333
Inception_1000_all,ChlorineConcentration,0.561458333333333
Cnn_100_none,CinCECGTorso,0.372463768115942
cnn_100_all,CinCECGTorso,0.404347826086956
Resnet_100_none,CinCECGTorso,0.76304347826087
Resnet_100_all,CinCECGTorso,0.342028985507246
Encoder_100_none,CinCECGTorso,0.915942028985507
Encoder_100_all,CinCECGTorso,0.860869565217391
Inception_100_none,CinCECGTorso,0.266666666666667
Inception_100_all,CinCECGTorso,0.381159420289855
Cnn_1000_none,CinCECGTorso,0.807246376811594
Cnn_1000_all,CinCECGTorso,0.539130434782609
Resnet_1000_none,CinCECGTorso,0.881884057971014
Resnet_1000_all,CinCECGTorso,0.510869565217391
Encoder_1000_none,CinCECGTorso,0.905072463768116
Encoder_1000_all,CinCECGTorso,0.842753623188406
Inception_1000_none,CinCECGTorso,0.842753623188406
Inception_1000_all,CinCECGTorso,0.561594202898551
Cnn_100_none,Coffee,0.821428571428571
cnn_100_all,Coffee,1
Resnet_100_none,Coffee,0.964285714285714
Resnet_100_all,Coffee,0.928571428571429
Encoder_100_none,Coffee,1
Encoder_100_all,Coffee,1
Inception_100_none,Coffee,0.607142857142857
Inception_100_all,Coffee,0.964285714285714
Cnn_1000_none,Coffee,1
Cnn_1000_all,Coffee,1
Resnet_1000_none,Coffee,1
Resnet_1000_all,Coffee,1
Encoder_1000_none,Coffee,1
Encoder_1000_all,Coffee,1
Inception_1000_none,Coffee,1
Inception_1000_all,Coffee,1
Cnn_100_none,Computers,0.816
cnn_100_all,Computers,0.736
Resnet_100_none,Computers,0.58
Resnet_100_all,Computers,0.752
Encoder_100_none,Computers,0.58
Encoder_100_all,Computers,0.568
Inception_100_none,Computers,0.788
Inception_100_all,Computers,0.7
Cnn_1000_none,Computers,0.804
Cnn_1000_all,Computers,0.8
Resnet_1000_none,Computers,0.756
Resnet_1000_all,Computers,0.788
Encoder_1000_none,Computers,0.584
Encoder_1000_all,Computers,0.56
Inception_1000_none,Computers,0.784
Inception_1000_all,Computers,0.736
Cnn_100_none,CricketX,0.82051282051282
cnn_100_all,CricketX,0.88974358974359
Resnet_100_none,CricketX,0.861538461538462
Resnet_100_all,CricketX,0.876923076923077
Encoder_100_none,CricketX,0.633333333333333
Encoder_100_all,CricketX,0.692307692307692
Inception_100_none,CricketX,0.776923076923077
Inception_100_all,CricketX,0.902564102564103
Cnn_1000_none,CricketX,0.815384615384615
Cnn_1000_all,CricketX,0.871794871794872
Resnet_1000_none,CricketX,0.838461538461539
Resnet_1000_all,CricketX,0.874358974358974
Encoder_1000_none,CricketX,0.676923076923077
Encoder_1000_all,CricketX,0.705128205128205
Inception_1000_none,CricketX,0.851282051282051
Inception_1000_all,CricketX,0.917948717948718
Cnn_100_none,CricketY,0.766666666666667
cnn_100_all,CricketY,0.484615384615385
Resnet_100_none,CricketY,0.787179487179487
Resnet_100_all,CricketY,0.464102564102564
Encoder_100_none,CricketY,0.643589743589744
Encoder_100_all,CricketY,0.551282051282051
Inception_100_none,CricketY,0.812820512820513
Inception_100_all,CricketY,0.47948717948718
Cnn_1000_none,CricketY,0.797435897435897
Cnn_1000_all,CricketY,0.612820512820513
Resnet_1000_none,CricketY,0.784615384615385
Resnet_1000_all,CricketY,0.548717948717949
Encoder_1000_none,CricketY,0.661538461538462
Encoder_1000_all,CricketY,0.584615384615385
Inception_1000_none,CricketY,0.843589743589744
Inception_1000_all,CricketY,0.68974358974359
Cnn_100_none,CricketZ,0.848717948717949
cnn_100_all,CricketZ,0.882051282051282
Resnet_100_none,CricketZ,0.887179487179487
Resnet_100_all,CricketZ,0.894871794871795
Encoder_100_none,CricketZ,0.674358974358974
Encoder_100_all,CricketZ,0.7
Inception_100_none,CricketZ,0.782051282051282
Inception_100_all,CricketZ,0.925641025641026
Cnn_1000_none,CricketZ,0.838461538461539
Cnn_1000_all,CricketZ,0.856410256410256
Resnet_1000_none,CricketZ,0.856410256410256
Resnet_1000_all,CricketZ,0.887179487179487
Encoder_1000_none,CricketZ,0.669230769230769
Encoder_1000_all,CricketZ,0.728205128205128
Inception_1000_none,CricketZ,0.853846153846154
Inception_1000_all,CricketZ,0.925641025641026
Cnn_100_none,DiatomSizeReduction,0.65359477124183
cnn_100_all,DiatomSizeReduction,0.712418300653595
Resnet_100_none,DiatomSizeReduction,0.888888888888889
Resnet_100_all,DiatomSizeReduction,0.696078431372549
Encoder_100_none,DiatomSizeReduction,0.973856209150327
Encoder_100_all,DiatomSizeReduction,0.967320261437908
Inception_100_none,DiatomSizeReduction,0.640522875816993
Inception_100_all,DiatomSizeReduction,0.761437908496732
Cnn_1000_none,DiatomSizeReduction,0.901960784313726
Cnn_1000_all,DiatomSizeReduction,0.898692810457516
Resnet_1000_none,DiatomSizeReduction,0.934640522875817
Resnet_1000_all,DiatomSizeReduction,0.941176470588235
Encoder_1000_none,DiatomSizeReduction,0.973856209150327
Encoder_1000_all,DiatomSizeReduction,0.96078431372549
Inception_1000_none,DiatomSizeReduction,0.931372549019608
Inception_1000_all,DiatomSizeReduction,0.859477124183007
Cnn_100_none,DistalPhalanxOutlineAgeGroup,0.719424460431654
cnn_100_all,DistalPhalanxOutlineAgeGroup,0.79136690647482
Resnet_100_none,DistalPhalanxOutlineAgeGroup,0.76978417266187
Resnet_100_all,DistalPhalanxOutlineAgeGroup,0.784172661870504
Encoder_100_none,DistalPhalanxOutlineAgeGroup,0.733812949640288
Encoder_100_all,DistalPhalanxOutlineAgeGroup,0.798561151079137
Inception_100_none,DistalPhalanxOutlineAgeGroup,0.661870503597122
Inception_100_all,DistalPhalanxOutlineAgeGroup,0.755395683453237
Cnn_1000_none,DistalPhalanxOutlineAgeGroup,0.712230215827338
Cnn_1000_all,DistalPhalanxOutlineAgeGroup,0.79136690647482
Resnet_1000_none,DistalPhalanxOutlineAgeGroup,0.755395683453237
Resnet_1000_all,DistalPhalanxOutlineAgeGroup,0.762589928057554
Encoder_1000_none,DistalPhalanxOutlineAgeGroup,0.762589928057554
Encoder_1000_all,DistalPhalanxOutlineAgeGroup,0.798561151079137
Inception_1000_none,DistalPhalanxOutlineAgeGroup,0.719424460431654
Inception_1000_all,DistalPhalanxOutlineAgeGroup,0.776978417266187
Cnn_100_none,DistalPhalanxOutlineCorrect,0.742753623188406
cnn_100_all,DistalPhalanxOutlineCorrect,0.702898550724638
Resnet_100_none,DistalPhalanxOutlineCorrect,0.760869565217391
Resnet_100_all,DistalPhalanxOutlineCorrect,0.735507246376812
Encoder_100_none,DistalPhalanxOutlineCorrect,0.782608695652174
Encoder_100_all,DistalPhalanxOutlineCorrect,0.746376811594203
Inception_100_none,DistalPhalanxOutlineCorrect,0.77536231884058
Inception_100_all,DistalPhalanxOutlineCorrect,0.663043478260869
Cnn_1000_none,DistalPhalanxOutlineCorrect,0.764492753623188
Cnn_1000_all,DistalPhalanxOutlineCorrect,0.793478260869565
Resnet_1000_none,DistalPhalanxOutlineCorrect,0.746376811594203
Resnet_1000_all,DistalPhalanxOutlineCorrect,0.753623188405797
Encoder_1000_none,DistalPhalanxOutlineCorrect,0.77536231884058
Encoder_1000_all,DistalPhalanxOutlineCorrect,0.778985507246377
Inception_1000_none,DistalPhalanxOutlineCorrect,0.757246376811594
Inception_1000_all,DistalPhalanxOutlineCorrect,0.77536231884058
Cnn_100_none,DistalPhalanxTW,0.669064748201439
cnn_100_all,DistalPhalanxTW,0.633093525179856
Resnet_100_none,DistalPhalanxTW,0.690647482014388
Resnet_100_all,DistalPhalanxTW,0.640287769784173
Encoder_100_none,DistalPhalanxTW,0.633093525179856
Encoder_100_all,DistalPhalanxTW,0.647482014388489
Inception_100_none,DistalPhalanxTW,0.669064748201439
Inception_100_all,DistalPhalanxTW,0.633093525179856
Cnn_1000_none,DistalPhalanxTW,0.705035971223021
Cnn_1000_all,DistalPhalanxTW,0.690647482014388
Resnet_1000_none,DistalPhalanxTW,0.697841726618705
Resnet_1000_all,DistalPhalanxTW,0.633093525179856
Encoder_1000_none,DistalPhalanxTW,0.647482014388489
Encoder_1000_all,DistalPhalanxTW,0.654676258992806
Inception_1000_none,DistalPhalanxTW,0.676258992805755
Inception_1000_all,DistalPhalanxTW,0.640287769784173
Cnn_100_none,ECG200,0.88
cnn_100_all,ECG200,0.79
Resnet_100_none,ECG200,0.9
Resnet_100_all,ECG200,0.8
Encoder_100_none,ECG200,0.89
Encoder_100_all,ECG200,0.91
Inception_100_none,ECG200,0.93
Inception_100_all,ECG200,0.78
Cnn_1000_none,ECG200,0.91
Cnn_1000_all,ECG200,0.87
Resnet_1000_none,ECG200,0.9
Resnet_1000_all,ECG200,0.83
Encoder_1000_none,ECG200,0.92
Encoder_1000_all,ECG200,0.93
Inception_1000_none,ECG200,0.91
Inception_1000_all,ECG200,0.82
Cnn_100_none,ECG5000,0.941555555555556
cnn_100_all,ECG5000,0.934666666666666
Resnet_100_none,ECG5000,0.931333333333333
Resnet_100_all,ECG5000,0.934
Encoder_100_none,ECG5000,0.940888888888889
Encoder_100_all,ECG5000,0.937555555555556
Inception_100_none,ECG5000,0.935333333333333
Inception_100_all,ECG5000,0.93
Cnn_1000_none,ECG5000,0.941111111111111
Cnn_1000_all,ECG5000,0.935333333333333
Resnet_1000_none,ECG5000,0.935333333333333
Resnet_1000_all,ECG5000,0.927777777777778
Encoder_1000_none,ECG5000,0.938888888888889
Encoder_1000_all,ECG5000,0.937555555555556
Inception_1000_none,ECG5000,0.939111111111111
Inception_1000_all,ECG5000,0.937555555555556
Cnn_100_none,ECGFiveDays,0.653890824622532
cnn_100_all,ECGFiveDays,0.601626016260163
Resnet_100_none,ECGFiveDays,0.976771196283391
Resnet_100_all,ECGFiveDays,0.711962833914053
Encoder_100_none,ECGFiveDays,1
Encoder_100_all,ECGFiveDays,0.993031358885017
Inception_100_none,ECGFiveDays,1
Inception_100_all,ECGFiveDays,0.806039488966318
Cnn_1000_none,ECGFiveDays,0.990708478513356
Cnn_1000_all,ECGFiveDays,0.764227642276423
Resnet_1000_none,ECGFiveDays,0.997677119628339
Resnet_1000_all,ECGFiveDays,0.896631823461092
Encoder_1000_none,ECGFiveDays,1
Encoder_1000_all,ECGFiveDays,0.990708478513356
Inception_1000_none,ECGFiveDays,1
Inception_1000_all,ECGFiveDays,0.872241579558653
Cnn_100_none,Earthquakes,0.748201438848921
cnn_100_all,Earthquakes,0.748201438848921
Resnet_100_none,Earthquakes,0.755395683453237
Resnet_100_all,Earthquakes,0.741007194244604
Encoder_100_none,Earthquakes,0.748201438848921
Encoder_100_all,Earthquakes,0.719424460431654
Inception_100_none,Earthquakes,0.748201438848921
Inception_100_all,Earthquakes,0.748201438848921
Cnn_1000_none,Earthquakes,0.712230215827338
Cnn_1000_all,Earthquakes,0.748201438848921
Resnet_1000_none,Earthquakes,0.733812949640288
Resnet_1000_all,Earthquakes,0.741007194244604
Encoder_1000_none,Earthquakes,0.733812949640288
Encoder_1000_all,Earthquakes,0.726618705035971
Inception_1000_none,Earthquakes,0.669064748201439
Inception_1000_all,Earthquakes,0.748201438848921
Cnn_100_none,ElectricDevices,0.701984178446375
cnn_100_all,ElectricDevices,0.603812735053819
Resnet_100_none,ElectricDevices,0.728699260796265
Resnet_100_all,ElectricDevices,0.632213720658799
Encoder_100_none,ElectricDevices,0.684217351835041
Encoder_100_all,ElectricDevices,0.607314226429776
Inception_100_none,ElectricDevices,0.676047205291142
Inception_100_all,ElectricDevices,0.624173258980677
Cnn_1000_none,ElectricDevices,0.705745039553884
Cnn_1000_all,ElectricDevices,0.697315523278433
Resnet_1000_none,ElectricDevices,0.750097263649332
Resnet_1000_all,ElectricDevices,0.656464790558942
Encoder_1000_none,ElectricDevices,0.684995461029698
Encoder_1000_all,ElectricDevices,0.650758656464791
Inception_1000_none,ElectricDevices,0.712488652574244
Inception_1000_all,ElectricDevices,0.638568279081831
Cnn_100_none,Fish,0.314285714285714
cnn_100_all,Fish,0.794285714285714
Resnet_100_none,Fish,0.977142857142857
Resnet_100_all,Fish,0.88
Encoder_100_none,Fish,0.851428571428571
Encoder_100_all,Fish,0.817142857142857
Inception_100_none,Fish,0.977142857142857
Inception_100_all,Fish,0.851428571428571
Cnn_1000_none,Fish,0.96
Cnn_1000_all,Fish,0.897142857142857
Resnet_1000_none,Fish,0.977142857142857
Resnet_1000_all,Fish,0.942857142857143
Encoder_1000_none,Fish,0.908571428571429
Encoder_1000_all,Fish,0.845714285714286
Inception_1000_none,Fish,0.982857142857143
Inception_1000_all,Fish,0.92
Cnn_100_none,FaceAll,0.91301775147929
cnn_100_all,FaceAll,0.581656804733728
Resnet_100_none,FaceAll,0.857396449704142
Resnet_100_all,FaceAll,0.707100591715976
Encoder_100_none,FaceAll,0.773372781065089
Encoder_100_all,FaceAll,0.780473372781065
Inception_100_none,FaceAll,0.782248520710059
Inception_100_all,FaceAll,0.585798816568047
Cnn_1000_none,FaceAll,0.927810650887574
Cnn_1000_all,FaceAll,0.682248520710059
Resnet_1000_none,FaceAll,0.830177514792899
Resnet_1000_all,FaceAll,0.846153846153846
Encoder_1000_none,FaceAll,0.784023668639053
Encoder_1000_all,FaceAll,0.782248520710059
Inception_1000_none,FaceAll,0.80887573964497
Inception_1000_all,FaceAll,0.730769230769231
Cnn_100_none,FaceFour,0.568181818181818
cnn_100_all,FaceFour,0.352272727272727
Resnet_100_none,FaceFour,0.954545454545455
Resnet_100_all,FaceFour,0.625
Encoder_100_none,FaceFour,0.863636363636364
Encoder_100_all,FaceFour,0.863636363636364
Inception_100_none,FaceFour,0.829545454545455
Inception_100_all,FaceFour,0.545454545454545
Cnn_1000_none,FaceFour,0.920454545454545
Cnn_1000_all,FaceFour,0.670454545454545
Resnet_1000_none,FaceFour,0.954545454545455
Resnet_1000_all,FaceFour,0.727272727272727
Encoder_1000_none,FaceFour,0.863636363636364
Encoder_1000_all,FaceFour,0.863636363636364
Inception_1000_none,FaceFour,0.954545454545455
Inception_1000_all,FaceFour,0.704545454545455
Cnn_100_none,FacesUCR,0.930731707317073
cnn_100_all,FacesUCR,0.502926829268293
Resnet_100_none,FacesUCR,0.952682926829268
Resnet_100_all,FacesUCR,0.73609756097561
Encoder_100_none,FacesUCR,0.909756097560975
Encoder_100_all,FacesUCR,0.889756097560976
Inception_100_none,FacesUCR,0.947317073170732
Inception_100_all,FacesUCR,0.47219512195122
Cnn_1000_none,FacesUCR,0.94780487804878
Cnn_1000_all,FacesUCR,0.754634146341463
Resnet_1000_none,FacesUCR,0.954146341463415
Resnet_1000_all,FacesUCR,0.845853658536585
Encoder_1000_none,FacesUCR,0.912682926829268
Encoder_1000_all,FacesUCR,0.899512195121951
Inception_1000_none,FacesUCR,0.965365853658536
Inception_1000_all,FacesUCR,0.806341463414634
Cnn_100_none,FordA,0.909090909090909
cnn_100_all,FordA,0.896969696969697
Resnet_100_none,FordA,0.942424242424242
Resnet_100_all,FordA,0.926515151515152
Encoder_100_none,FordA,0.940909090909091
Encoder_100_all,FordA,0.912121212121212
Inception_100_none,FordA,0.956818181818182
Inception_100_all,FordA,0.940151515151515
Cnn_1000_none,FordA,0.920454545454545
Cnn_1000_all,FordA,0.913636363636364
Resnet_1000_none,FordA,0.939393939393939
Resnet_1000_all,FordA,0.926515151515152
Encoder_1000_none,FordA,0.942424242424242
Encoder_1000_all,FordA,0.913636363636364
Inception_1000_none,FordA,0.958333333333333
Inception_1000_all,FordA,0.942424242424242
Cnn_100_none,FordB,0.74320987654321
cnn_100_all,FordB,0.769135802469136
Resnet_100_none,FordB,0.804938271604938
Resnet_100_all,FordB,0.795061728395062
Encoder_100_none,FordB,0.798765432098765
Encoder_100_all,FordB,0.761728395061728
Inception_100_none,FordB,0.855555555555556
Inception_100_all,FordB,0.819753086419753
Cnn_1000_none,FordB,0.790123456790123
Cnn_1000_all,FordB,0.77283950617284
Resnet_1000_none,FordB,0.809876543209877
Resnet_1000_all,FordB,0.814814814814815
Encoder_1000_none,FordB,0.801234567901235
Encoder_1000_all,FordB,0.760493827160494
Inception_1000_none,FordB,0.855555555555556
Inception_1000_all,FordB,0.812345679012346
Cnn_100_none,GunPoint,0.98
cnn_100_all,GunPoint,0.953333333333333
Resnet_100_none,GunPoint,1
Resnet_100_all,GunPoint,0.98
Encoder_100_none,GunPoint,0.98
Encoder_100_all,GunPoint,0.953333333333333
Inception_100_none,GunPoint,0.56
Inception_100_all,GunPoint,0.893333333333333
Cnn_1000_none,GunPoint,1
Cnn_1000_all,GunPoint,0.973333333333333
Resnet_1000_none,GunPoint,1
Resnet_1000_all,GunPoint,0.993333333333333
Encoder_1000_none,GunPoint,0.98
Encoder_1000_all,GunPoint,0.96
Inception_1000_none,GunPoint,0.986666666666667
Inception_1000_all,GunPoint,0.986666666666667
Cnn_100_none,Ham,0.542857142857143
cnn_100_all,Ham,0.638095238095238
Resnet_100_none,Ham,0.771428571428571
Resnet_100_all,Ham,0.638095238095238
Encoder_100_none,Ham,0.685714285714286
Encoder_100_all,Ham,0.685714285714286
Inception_100_none,Ham,0.771428571428571
Inception_100_all,Ham,0.742857142857143
Cnn_1000_none,Ham,0.761904761904762
Cnn_1000_all,Ham,0.657142857142857
Resnet_1000_none,Ham,0.838095238095238
Resnet_1000_all,Ham,0.695238095238095
Encoder_1000_none,Ham,0.723809523809524
Encoder_1000_all,Ham,0.695238095238095
Inception_1000_none,Ham,0.695238095238095
Inception_1000_all,Ham,0.780952380952381
Cnn_100_none,HandOutlines,0.572972972972973
cnn_100_all,HandOutlines,0.667567567567567
Resnet_100_none,HandOutlines,0.883783783783784
Resnet_100_all,HandOutlines,0.675675675675676
Encoder_100_none,HandOutlines,0.883783783783784
Encoder_100_all,HandOutlines,0.891891891891892
Inception_100_none,HandOutlines,0.686486486486486
Inception_100_all,HandOutlines,0.645945945945946
Cnn_1000_none,HandOutlines,0.743243243243243
Cnn_1000_all,HandOutlines,0.713513513513514
Resnet_1000_none,HandOutlines,0.932432432432432
Resnet_1000_all,HandOutlines,0.694594594594595
Encoder_1000_none,HandOutlines,0.9
Encoder_1000_all,HandOutlines,0.883783783783784
Inception_1000_none,HandOutlines,0.945945945945946
Inception_1000_all,HandOutlines,0.710810810810811
Cnn_100_none,Haptics,0.25974025974026
cnn_100_all,Haptics,0.344155844155844
Resnet_100_none,Haptics,0.519480519480519
Resnet_100_all,Haptics,0.363636363636364
Encoder_100_none,Haptics,0.399350649350649
Encoder_100_all,Haptics,0.467532467532467
Inception_100_none,Haptics,0.441558441558442
Inception_100_all,Haptics,0.314935064935065
Cnn_1000_none,Haptics,0.487012987012987
Cnn_1000_all,Haptics,0.428571428571429
Resnet_1000_none,Haptics,0.548701298701299
Resnet_1000_all,Haptics,0.409090909090909
Encoder_1000_none,Haptics,0.402597402597403
Encoder_1000_all,Haptics,0.457792207792208
Inception_1000_none,Haptics,0.538961038961039
Inception_1000_all,Haptics,0.412337662337662
Cnn_100_none,Herring,0.40625
cnn_100_all,Herring,0.640625
Resnet_100_none,Herring,0.640625
Resnet_100_all,Herring,0.6875
Encoder_100_none,Herring,0.546875
Encoder_100_all,Herring,0.53125
Inception_100_none,Herring,0.546875
Inception_100_all,Herring,0.625
Cnn_1000_none,Herring,0.625
Cnn_1000_all,Herring,0.65625
Resnet_1000_none,Herring,0.671875
Resnet_1000_all,Herring,0.671875
Encoder_1000_none,Herring,0.53125
Encoder_1000_all,Herring,0.515625
Inception_1000_none,Herring,0.734375
Inception_1000_all,Herring,0.703125
Cnn_100_none,InlineSkate,0.167272727272727
cnn_100_all,InlineSkate,0.270909090909091
Resnet_100_none,InlineSkate,0.323636363636364
Resnet_100_all,InlineSkate,0.298181818181818
Encoder_100_none,InlineSkate,0.258181818181818
Encoder_100_all,InlineSkate,0.218181818181818
Inception_100_none,InlineSkate,0.174545454545455
Inception_100_all,InlineSkate,0.236363636363636
Cnn_1000_none,InlineSkate,0.34
Cnn_1000_all,InlineSkate,0.316363636363636
Resnet_1000_none,InlineSkate,0.372727272727273
Resnet_1000_all,InlineSkate,0.334545454545455
Encoder_1000_none,InlineSkate,0.265454545454545
Encoder_1000_all,InlineSkate,0.241818181818182
Inception_1000_none,InlineSkate,0.474545454545455
Inception_1000_all,InlineSkate,0.316363636363636
Cnn_100_none,InsectWingbeatSound,0.369191919191919
cnn_100_all,InsectWingbeatSound,0.284848484848485
Resnet_100_none,InsectWingbeatSound,0.479292929292929
Resnet_100_all,InsectWingbeatSound,0.342929292929293
Encoder_100_none,InsectWingbeatSound,0.628787878787879
Encoder_100_all,InsectWingbeatSound,0.622222222222222
Inception_100_none,InsectWingbeatSound,0.597474747474748
Inception_100_all,InsectWingbeatSound,0.492929292929293
Cnn_1000_none,InsectWingbeatSound,0.390909090909091
Cnn_1000_all,InsectWingbeatSound,0.351515151515151
Resnet_1000_none,InsectWingbeatSound,0.473737373737374
Resnet_1000_all,InsectWingbeatSound,0.423232323232323
Encoder_1000_none,InsectWingbeatSound,0.643434343434343
Encoder_1000_all,InsectWingbeatSound,0.617676767676768
Inception_1000_none,InsectWingbeatSound,0.623737373737374
Inception_1000_all,InsectWingbeatSound,0.586868686868687
Cnn_100_none,ItalyPowerDemand,0.963070942662779
cnn_100_all,ItalyPowerDemand,0.895043731778426
Resnet_100_none,ItalyPowerDemand,0.962099125364431
Resnet_100_all,ItalyPowerDemand,0.93488824101069
Encoder_100_none,ItalyPowerDemand,0.955296404275996
Encoder_100_all,ItalyPowerDemand,0.965986394557823
Inception_100_none,ItalyPowerDemand,0.966958211856171
Inception_100_all,ItalyPowerDemand,0.750242954324587
Cnn_1000_none,ItalyPowerDemand,0.960155490767736
Cnn_1000_all,ItalyPowerDemand,0.945578231292517
Resnet_1000_none,ItalyPowerDemand,0.955296404275996
Resnet_1000_all,ItalyPowerDemand,0.95821185617104
Encoder_1000_none,ItalyPowerDemand,0.961127308066084
Encoder_1000_all,ItalyPowerDemand,0.966958211856171
Inception_1000_none,ItalyPowerDemand,0.959183673469388
Inception_1000_all,ItalyPowerDemand,0.945578231292517
Cnn_100_none,LargeKitchenAppliances,0.890666666666667
cnn_100_all,LargeKitchenAppliances,0.733333333333333
Resnet_100_none,LargeKitchenAppliances,0.893333333333333
Resnet_100_all,LargeKitchenAppliances,0.770666666666667
Encoder_100_none,LargeKitchenAppliances,0.562666666666667
Encoder_100_all,LargeKitchenAppliances,0.450666666666667
Inception_100_none,LargeKitchenAppliances,0.885333333333333
Inception_100_all,LargeKitchenAppliances,0.752
Cnn_1000_none,LargeKitchenAppliances,0.893333333333333
Cnn_1000_all,LargeKitchenAppliances,0.776
Resnet_1000_none,LargeKitchenAppliances,0.909333333333333
Resnet_1000_all,LargeKitchenAppliances,0.837333333333333
Encoder_1000_none,LargeKitchenAppliances,0.621333333333333
Encoder_1000_all,LargeKitchenAppliances,0.453333333333333
Inception_1000_none,LargeKitchenAppliances,0.896
Inception_1000_all,LargeKitchenAppliances,0.837333333333333
Cnn_100_none,Lightning2,0.655737704918033
cnn_100_all,Lightning2,0.721311475409836
Resnet_100_none,Lightning2,0.786885245901639
Resnet_100_all,Lightning2,0.836065573770492
Encoder_100_none,Lightning2,0.672131147540984
Encoder_100_all,Lightning2,0.573770491803279
Inception_100_none,Lightning2,0.852459016393443
Inception_100_all,Lightning2,0.786885245901639
Cnn_1000_none,Lightning2,0.737704918032787
Cnn_1000_all,Lightning2,0.770491803278688
Resnet_1000_none,Lightning2,0.80327868852459
Resnet_1000_all,Lightning2,0.819672131147541
Encoder_1000_none,Lightning2,0.721311475409836
Encoder_1000_all,Lightning2,0.622950819672131
Inception_1000_none,Lightning2,0.836065573770492
Inception_1000_all,Lightning2,0.836065573770492
Cnn_100_none,Lightning7,0.780821917808219
cnn_100_all,Lightning7,0.575342465753425
Resnet_100_none,Lightning7,0.821917808219178
Resnet_100_all,Lightning7,0.657534246575342
Encoder_100_none,Lightning7,0.616438356164384
Encoder_100_all,Lightning7,0.616438356164384
Inception_100_none,Lightning7,0.643835616438356
Inception_100_all,Lightning7,0.63013698630137
Cnn_1000_none,Lightning7,0.863013698630137
Cnn_1000_all,Lightning7,0.616438356164384
Resnet_1000_none,Lightning7,0.821917808219178
Resnet_1000_all,Lightning7,0.780821917808219
Encoder_1000_none,Lightning7,0.616438356164384
Encoder_1000_all,Lightning7,0.575342465753425
Inception_1000_none,Lightning7,0.808219178082192
Inception_1000_all,Lightning7,0.712328767123288
Cnn_100_none,Mallat,0.833262260127932
cnn_100_all,Mallat,0.55138592750533
Resnet_100_none,Mallat,0.954797441364605
Resnet_100_all,Mallat,0.711300639658849
Encoder_100_none,Mallat,0.899786780383795
Encoder_100_all,Mallat,0.840938166311301
Inception_100_none,Mallat,0.333049040511727
Inception_100_all,Mallat,0.413219616204691
Cnn_1000_none,Mallat,0.968017057569296
Cnn_1000_all,Mallat,0.886567164179104
Resnet_1000_none,Mallat,0.96545842217484
Resnet_1000_all,Mallat,0.913859275053305
Encoder_1000_none,Mallat,0.934754797441365
Encoder_1000_all,Mallat,0.869509594882729
Inception_1000_none,Mallat,0.946268656716418
Inception_1000_all,Mallat,0.914712153518124
Cnn_100_none,Meat,0.333333333333333
cnn_100_all,Meat,0.333333333333333
Resnet_100_none,Meat,0.916666666666667
Resnet_100_all,Meat,0.8
Encoder_100_none,Meat,0.883333333333333
Encoder_100_all,Meat,0.833333333333333
Inception_100_none,Meat,0.333333333333333
Inception_100_all,Meat,0.366666666666667
Cnn_1000_none,Meat,0.95
Cnn_1000_all,Meat,0.4
Resnet_1000_none,Meat,0.966666666666667
Resnet_1000_all,Meat,0.866666666666667
Encoder_1000_none,Meat,0.883333333333333
Encoder_1000_all,Meat,0.85
Inception_1000_none,Meat,0.966666666666667
Inception_1000_all,Meat,0.716666666666667
Cnn_100_none,MedicalImages,0.755263157894737
cnn_100_all,MedicalImages,0.623684210526316
Resnet_100_none,MedicalImages,0.738157894736842
Resnet_100_all,MedicalImages,0.626315789473684
Encoder_100_none,MedicalImages,0.730263157894737
Encoder_100_all,MedicalImages,0.675
Inception_100_none,MedicalImages,0.728947368421053
Inception_100_all,MedicalImages,0.564473684210526
Cnn_1000_none,MedicalImages,0.777631578947368
Cnn_1000_all,MedicalImages,0.66578947368421
Resnet_1000_none,MedicalImages,0.752631578947368
Resnet_1000_all,MedicalImages,0.717105263157895
Encoder_1000_none,MedicalImages,0.738157894736842
Encoder_1000_all,MedicalImages,0.710526315789474
Inception_1000_none,MedicalImages,0.746052631578947
Inception_1000_all,MedicalImages,0.678947368421053
Cnn_100_none,MiddlePhalanxOutlineAgeGroup,0.603896103896104
cnn_100_all,MiddlePhalanxOutlineAgeGroup,0.766233766233766
Resnet_100_none,MiddlePhalanxOutlineAgeGroup,0.636363636363636
Resnet_100_all,MiddlePhalanxOutlineAgeGroup,0.75974025974026
Encoder_100_none,MiddlePhalanxOutlineAgeGroup,0.597402597402597
Encoder_100_all,MiddlePhalanxOutlineAgeGroup,0.5
Inception_100_none,MiddlePhalanxOutlineAgeGroup,0.584415584415584
Inception_100_all,MiddlePhalanxOutlineAgeGroup,0.753246753246753
Cnn_1000_none,MiddlePhalanxOutlineAgeGroup,0.590909090909091
Cnn_1000_all,MiddlePhalanxOutlineAgeGroup,0.75974025974026
Resnet_1000_none,MiddlePhalanxOutlineAgeGroup,0.558441558441558
Resnet_1000_all,MiddlePhalanxOutlineAgeGroup,0.766233766233766
Encoder_1000_none,MiddlePhalanxOutlineAgeGroup,0.584415584415584
Encoder_1000_all,MiddlePhalanxOutlineAgeGroup,0.584415584415584
Inception_1000_none,MiddlePhalanxOutlineAgeGroup,0.577922077922078
Inception_1000_all,MiddlePhalanxOutlineAgeGroup,0.746753246753247
Cnn_100_none,MiddlePhalanxOutlineCorrect,0.828178694158076
cnn_100_all,MiddlePhalanxOutlineCorrect,0.670103092783505
Resnet_100_none,MiddlePhalanxOutlineCorrect,0.81786941580756
Resnet_100_all,MiddlePhalanxOutlineCorrect,0.618556701030928
Encoder_100_none,MiddlePhalanxOutlineCorrect,0.797250859106529
Encoder_100_all,MiddlePhalanxOutlineCorrect,0.74914089347079
Inception_100_none,MiddlePhalanxOutlineCorrect,0.776632302405498
Inception_100_all,MiddlePhalanxOutlineCorrect,0.587628865979381
Cnn_1000_none,MiddlePhalanxOutlineCorrect,0.776632302405498
Cnn_1000_all,MiddlePhalanxOutlineCorrect,0.776632302405498
Resnet_1000_none,MiddlePhalanxOutlineCorrect,0.821305841924399
Resnet_1000_all,MiddlePhalanxOutlineCorrect,0.752577319587629
Encoder_1000_none,MiddlePhalanxOutlineCorrect,0.797250859106529
Encoder_1000_all,MiddlePhalanxOutlineCorrect,0.776632302405498
Inception_1000_none,MiddlePhalanxOutlineCorrect,0.804123711340206
Inception_1000_all,MiddlePhalanxOutlineCorrect,0.776632302405498
Cnn_100_none,MiddlePhalanxTW,0.448051948051948
cnn_100_all,MiddlePhalanxTW,0.597402597402597
Resnet_100_none,MiddlePhalanxTW,0.512987012987013
Resnet_100_all,MiddlePhalanxTW,0.571428571428571
Encoder_100_none,MiddlePhalanxTW,0.551948051948052
Encoder_100_all,MiddlePhalanxTW,0.512987012987013
Inception_100_none,MiddlePhalanxTW,0.519480519480519
Inception_100_all,MiddlePhalanxTW,0.636363636363636
Cnn_1000_none,MiddlePhalanxTW,0.538961038961039
Cnn_1000_all,MiddlePhalanxTW,0.551948051948052
Resnet_1000_none,MiddlePhalanxTW,0.506493506493506
Resnet_1000_all,MiddlePhalanxTW,0.564935064935065
Encoder_1000_none,MiddlePhalanxTW,0.493506493506493
Encoder_1000_all,MiddlePhalanxTW,0.590909090909091
Inception_1000_none,MiddlePhalanxTW,0.5
Inception_1000_all,MiddlePhalanxTW,0.603896103896104
Cnn_100_none,MoteStrain,0.920926517571885
cnn_100_all,MoteStrain,0.68370607028754
Resnet_100_none,MoteStrain,0.880191693290735
Resnet_100_all,MoteStrain,0.734025559105431
Encoder_100_none,MoteStrain,0.80591054313099
Encoder_100_all,MoteStrain,0.81629392971246
Inception_100_none,MoteStrain,0.895367412140575
Inception_100_all,MoteStrain,0.793929712460064
Cnn_1000_none,MoteStrain,0.928913738019169
Cnn_1000_all,MoteStrain,0.741214057507987
Resnet_1000_none,MoteStrain,0.929712460063898
Resnet_1000_all,MoteStrain,0.813897763578275
Encoder_1000_none,MoteStrain,0.809105431309904
Encoder_1000_all,MoteStrain,0.811501597444089
Inception_1000_none,MoteStrain,0.879392971246006
Inception_1000_all,MoteStrain,0.860223642172524
Cnn_100_none,NonInvasiveFetalECGThorax1,0.051908396946565
cnn_100_all,NonInvasiveFetalECGThorax1,0.898727735368957
Resnet_100_none,NonInvasiveFetalECGThorax1,0.942493638676845
Resnet_100_all,NonInvasiveFetalECGThorax1,0.901272264631043
Encoder_100_none,NonInvasiveFetalECGThorax1,0.85852417302799
Encoder_100_all,NonInvasiveFetalECGThorax1,0.878371501272265
Inception_100_none,NonInvasiveFetalECGThorax1,0.951145038167939
Inception_100_all,NonInvasiveFetalECGThorax1,0.910432569974555
Cnn_1000_none,NonInvasiveFetalECGThorax1,0.957251908396946
Cnn_1000_all,NonInvasiveFetalECGThorax1,0.924173027989822
Resnet_1000_none,NonInvasiveFetalECGThorax1,0.946055979643766
Resnet_1000_all,NonInvasiveFetalECGThorax1,0.911959287531807
Encoder_1000_none,NonInvasiveFetalECGThorax1,0.877862595419847
Encoder_1000_all,NonInvasiveFetalECGThorax1,0.928753180661577
Inception_1000_none,NonInvasiveFetalECGThorax1,0.953180661577608
Inception_1000_all,NonInvasiveFetalECGThorax1,0.929770992366412
Cnn_100_none,NonInvasiveFetalECGThorax2,0.870229007633588
cnn_100_all,NonInvasiveFetalECGThorax2,0.921119592875318
Resnet_100_none,NonInvasiveFetalECGThorax2,0.946564885496183
Resnet_100_all,NonInvasiveFetalECGThorax2,0.923664122137405
Encoder_100_none,NonInvasiveFetalECGThorax2,0.917557251908397
Encoder_100_all,NonInvasiveFetalECGThorax2,0.920101781170484
Inception_100_none,NonInvasiveFetalECGThorax2,0.931806615776081
Inception_100_all,NonInvasiveFetalECGThorax2,0.935368956743003
Cnn_1000_none,NonInvasiveFetalECGThorax2,0.95470737913486
Cnn_1000_all,NonInvasiveFetalECGThorax2,0.932315521628499
Resnet_1000_none,NonInvasiveFetalECGThorax2,0.950127226463104
Resnet_1000_all,NonInvasiveFetalECGThorax2,0.932824427480916
Encoder_1000_none,NonInvasiveFetalECGThorax2,0.912468193384224
Encoder_1000_all,NonInvasiveFetalECGThorax2,0.934351145038168
Inception_1000_none,NonInvasiveFetalECGThorax2,0.958269720101781
Inception_1000_all,NonInvasiveFetalECGThorax2,0.948600508905852
Cnn_100_none,OSULeaf,0.5
cnn_100_all,OSULeaf,0.56198347107438
Resnet_100_none,OSULeaf,0.946280991735537
Resnet_100_all,OSULeaf,0.648760330578512
Encoder_100_none,OSULeaf,0.520661157024793
Encoder_100_all,OSULeaf,0.5
Inception_100_none,OSULeaf,0.68595041322314
Inception_100_all,OSULeaf,0.578512396694215
Cnn_1000_none,OSULeaf,0.979338842975207
Cnn_1000_all,OSULeaf,0.826446280991735
Resnet_1000_none,OSULeaf,0.983471074380165
Resnet_1000_all,OSULeaf,0.735537190082645
Encoder_1000_none,OSULeaf,0.533057851239669
Encoder_1000_all,OSULeaf,0.508264462809917
Inception_1000_none,OSULeaf,0.933884297520661
Inception_1000_all,OSULeaf,0.723140495867769
Cnn_100_none,OliveOil,0.133333333333333
cnn_100_all,OliveOil,0.4
Resnet_100_none,OliveOil,0.533333333333333
Resnet_100_all,OliveOil,0.4
Encoder_100_none,OliveOil,0.4
Encoder_100_all,OliveOil,0.4
Inception_100_none,OliveOil,0.4
Inception_100_all,OliveOil,0.4
Cnn_1000_none,OliveOil,0.8
Cnn_1000_all,OliveOil,0.4
Resnet_1000_none,OliveOil,0.9
Resnet_1000_all,OliveOil,0.4
Encoder_1000_none,OliveOil,0.766666666666667
Encoder_1000_all,OliveOil,0.4
Inception_1000_none,OliveOil,0.866666666666667
Inception_1000_all,OliveOil,0.433333333333333
Cnn_100_none,PhalangesOutlinesCorrect,0.805361305361305
cnn_100_all,PhalangesOutlinesCorrect,0.719114219114219
Resnet_100_none,PhalangesOutlinesCorrect,0.822843822843823
Resnet_100_all,PhalangesOutlinesCorrect,0.68997668997669
Encoder_100_none,PhalangesOutlinesCorrect,0.807692307692308
Encoder_100_all,PhalangesOutlinesCorrect,0.691142191142191
Inception_100_none,PhalangesOutlinesCorrect,0.811188811188811
Inception_100_all,PhalangesOutlinesCorrect,0.70979020979021
Cnn_1000_none,PhalangesOutlinesCorrect,0.824009324009324
Cnn_1000_all,PhalangesOutlinesCorrect,0.743589743589744
Resnet_1000_none,PhalangesOutlinesCorrect,0.832167832167832
Resnet_1000_all,PhalangesOutlinesCorrect,0.717948717948718
Encoder_1000_none,PhalangesOutlinesCorrect,0.82051282051282
Encoder_1000_all,PhalangesOutlinesCorrect,0.766899766899767
Inception_1000_none,PhalangesOutlinesCorrect,0.847319347319347
Inception_1000_all,PhalangesOutlinesCorrect,0.763403263403263
Cnn_100_none,Phoneme,0.314345991561181
cnn_100_all,Phoneme,0.192510548523207
Resnet_100_none,Phoneme,0.34915611814346
Resnet_100_all,Phoneme,0.237341772151899
Encoder_100_none,Phoneme,0.150316455696203
Encoder_100_all,Phoneme,0.174050632911392
Inception_100_none,Phoneme,0.328586497890295
Inception_100_all,Phoneme,0.185126582278481
Cnn_1000_none,Phoneme,0.306962025316456
Cnn_1000_all,Phoneme,0.232594936708861
Resnet_1000_none,Phoneme,0.331223628691983
Resnet_1000_all,Phoneme,0.264767932489451
Encoder_1000_none,Phoneme,0.12710970464135
Encoder_1000_all,Phoneme,0.180907172995781
Inception_1000_none,Phoneme,0.319092827004219
Inception_1000_all,Phoneme,0.244725738396624
Cnn_100_none,Plane,1
cnn_100_all,Plane,1
Resnet_100_none,Plane,1
Resnet_100_all,Plane,1
Encoder_100_none,Plane,0.99047619047619
Encoder_100_all,Plane,0.980952380952381
Inception_100_none,Plane,1
Inception_100_all,Plane,0.980952380952381
Cnn_1000_none,Plane,1
Cnn_1000_all,Plane,1
Resnet_1000_none,Plane,1
Resnet_1000_all,Plane,1
Encoder_1000_none,Plane,0.99047619047619
Encoder_1000_all,Plane,0.980952380952381
Inception_1000_none,Plane,1
Inception_1000_all,Plane,1
Cnn_100_none,ProximalPhalanxOutlineAgeGroup,0.873170731707317
cnn_100_all,ProximalPhalanxOutlineAgeGroup,0.834146341463415
Resnet_100_none,ProximalPhalanxOutlineAgeGroup,0.848780487804878
Resnet_100_all,ProximalPhalanxOutlineAgeGroup,0.839024390243902
Encoder_100_none,ProximalPhalanxOutlineAgeGroup,0.868292682926829
Encoder_100_all,ProximalPhalanxOutlineAgeGroup,0.863414634146341
Inception_100_none,ProximalPhalanxOutlineAgeGroup,0.84390243902439
Inception_100_all,ProximalPhalanxOutlineAgeGroup,0.839024390243902
Cnn_1000_none,ProximalPhalanxOutlineAgeGroup,0.829268292682927
Cnn_1000_all,ProximalPhalanxOutlineAgeGroup,0.834146341463415
Resnet_1000_none,ProximalPhalanxOutlineAgeGroup,0.853658536585366
Resnet_1000_all,ProximalPhalanxOutlineAgeGroup,0.84390243902439
Encoder_1000_none,ProximalPhalanxOutlineAgeGroup,0.839024390243902
Encoder_1000_all,ProximalPhalanxOutlineAgeGroup,0.848780487804878
Inception_1000_none,ProximalPhalanxOutlineAgeGroup,0.848780487804878
Inception_1000_all,ProximalPhalanxOutlineAgeGroup,0.858536585365854
Cnn_100_none,ProximalPhalanxOutlineCorrect,0.814432989690721
cnn_100_all,ProximalPhalanxOutlineCorrect,0.814432989690721
Resnet_100_none,ProximalPhalanxOutlineCorrect,0.920962199312715
Resnet_100_all,ProximalPhalanxOutlineCorrect,0.852233676975945
Encoder_100_none,ProximalPhalanxOutlineCorrect,0.914089347079038
Encoder_100_all,ProximalPhalanxOutlineCorrect,0.766323024054983
Inception_100_none,ProximalPhalanxOutlineCorrect,0.893470790378007
Inception_100_all,ProximalPhalanxOutlineCorrect,0.780068728522337
Cnn_1000_none,ProximalPhalanxOutlineCorrect,0.900343642611684
Cnn_1000_all,ProximalPhalanxOutlineCorrect,0.855670103092784
Resnet_1000_none,ProximalPhalanxOutlineCorrect,0.934707903780069
Resnet_1000_all,ProximalPhalanxOutlineCorrect,0.869415807560137
Encoder_1000_none,ProximalPhalanxOutlineCorrect,0.903780068728522
Encoder_1000_all,ProximalPhalanxOutlineCorrect,0.845360824742268
Inception_1000_none,ProximalPhalanxOutlineCorrect,0.920962199312715
Inception_1000_all,ProximalPhalanxOutlineCorrect,0.84192439862543
Cnn_100_none,ProximalPhalanxTW,0.819512195121951
cnn_100_all,ProximalPhalanxTW,0.814634146341463
Resnet_100_none,ProximalPhalanxTW,0.775609756097561
Resnet_100_all,ProximalPhalanxTW,0.790243902439024
Encoder_100_none,ProximalPhalanxTW,0.780487804878049
Encoder_100_all,ProximalPhalanxTW,0.785365853658537
Inception_100_none,ProximalPhalanxTW,0.609756097560976
Inception_100_all,ProximalPhalanxTW,0.765853658536585
Cnn_1000_none,ProximalPhalanxTW,0.765853658536585
Cnn_1000_all,ProximalPhalanxTW,0.785365853658537
Resnet_1000_none,ProximalPhalanxTW,0.8
Resnet_1000_all,ProximalPhalanxTW,0.814634146341463
Encoder_1000_none,ProximalPhalanxTW,0.780487804878049
Encoder_1000_all,ProximalPhalanxTW,0.726829268292683
Inception_1000_none,ProximalPhalanxTW,0.75609756097561
Inception_1000_all,ProximalPhalanxTW,0.795121951219512
Cnn_100_none,RefrigerationDevices,0.544
cnn_100_all,RefrigerationDevices,0.501333333333333
Resnet_100_none,RefrigerationDevices,0.528
Resnet_100_all,RefrigerationDevices,0.517333333333333
Encoder_100_none,RefrigerationDevices,0.408
Encoder_100_all,RefrigerationDevices,0.392
Inception_100_none,RefrigerationDevices,0.522666666666667
Inception_100_all,RefrigerationDevices,0.432
Cnn_1000_none,RefrigerationDevices,0.514666666666667
Cnn_1000_all,RefrigerationDevices,0.490666666666667
Resnet_1000_none,RefrigerationDevices,0.565333333333333
Resnet_1000_all,RefrigerationDevices,0.570666666666667
Encoder_1000_none,RefrigerationDevices,0.413333333333333
Encoder_1000_all,RefrigerationDevices,0.410666666666667
Inception_1000_none,RefrigerationDevices,0.482666666666667
Inception_1000_all,RefrigerationDevices,0.504
Cnn_100_none,ScreenType,0.621333333333333
cnn_100_all,ScreenType,0.490666666666667
Resnet_100_none,ScreenType,0.602666666666667
Resnet_100_all,ScreenType,0.538666666666667
Encoder_100_none,ScreenType,0.381333333333333
Encoder_100_all,ScreenType,0.338666666666667
Inception_100_none,ScreenType,0.621333333333333
Inception_100_all,ScreenType,0.4
Cnn_1000_none,ScreenType,0.642666666666667
Cnn_1000_all,ScreenType,0.536
Resnet_1000_none,ScreenType,0.608
Resnet_1000_all,ScreenType,0.592
Encoder_1000_none,ScreenType,0.357333333333333
Encoder_1000_all,ScreenType,0.370666666666667
Inception_1000_none,ScreenType,0.576
Inception_1000_all,ScreenType,0.418666666666667
Cnn_100_none,ShapeletSim,0.5
cnn_100_all,ShapeletSim,0.344444444444444
Resnet_100_none,ShapeletSim,0.877777777777778
Resnet_100_all,ShapeletSim,0.944444444444444
Encoder_100_none,ShapeletSim,0.483333333333333
Encoder_100_all,ShapeletSim,0.572222222222222
Inception_100_none,ShapeletSim,0.633333333333333
Inception_100_all,ShapeletSim,0.577777777777778
Cnn_1000_none,ShapeletSim,0.966666666666667
Cnn_1000_all,ShapeletSim,0.633333333333333
Resnet_1000_none,ShapeletSim,1
Resnet_1000_all,ShapeletSim,0.955555555555556
Encoder_1000_none,ShapeletSim,0.416666666666667
Encoder_1000_all,ShapeletSim,0.538888888888889
Inception_1000_none,ShapeletSim,0.944444444444444
Inception_1000_all,ShapeletSim,0.677777777777778
Cnn_100_none,ShapesAll,0.543333333333333
cnn_100_all,ShapesAll,0.645
Resnet_100_none,ShapesAll,0.906666666666667
Resnet_100_all,ShapesAll,0.598333333333333
Encoder_100_none,ShapesAll,0.711666666666667
Encoder_100_all,ShapesAll,0.671666666666667
Inception_100_none,ShapesAll,0.905
Inception_100_all,ShapesAll,0.618333333333333
Cnn_1000_none,ShapesAll,0.895
Cnn_1000_all,ShapesAll,0.756666666666667
Resnet_1000_none,ShapesAll,0.923333333333333
Resnet_1000_all,ShapesAll,0.713333333333333
Encoder_1000_none,ShapesAll,0.713333333333333
Encoder_1000_all,ShapesAll,0.696666666666667
Inception_1000_none,ShapesAll,0.916666666666667
Inception_1000_all,ShapesAll,0.766666666666667
Cnn_100_none,SmallKitchenAppliances,0.336
cnn_100_all,SmallKitchenAppliances,0.762666666666667
Resnet_100_none,SmallKitchenAppliances,0.48
Resnet_100_all,SmallKitchenAppliances,0.781333333333333
Encoder_100_none,SmallKitchenAppliances,0.608
Encoder_100_all,SmallKitchenAppliances,0.413333333333333
Inception_100_none,SmallKitchenAppliances,0.56
Inception_100_all,SmallKitchenAppliances,0.738666666666667
Cnn_1000_none,SmallKitchenAppliances,0.797333333333333
Cnn_1000_all,SmallKitchenAppliances,0.821333333333333
Resnet_1000_none,SmallKitchenAppliances,0.693333333333333
Resnet_1000_all,SmallKitchenAppliances,0.842666666666667
Encoder_1000_none,SmallKitchenAppliances,0.576
Encoder_1000_all,SmallKitchenAppliances,0.413333333333333
Inception_1000_none,SmallKitchenAppliances,0.778666666666667
Inception_1000_all,SmallKitchenAppliances,0.805333333333333
Cnn_100_none,SonyAIBORobotSurface1,0.990016638935108
cnn_100_all,SonyAIBORobotSurface1,0.801996672212978
Resnet_100_none,SonyAIBORobotSurface1,0.875207986688852
Resnet_100_all,SonyAIBORobotSurface1,0.800332778702163
Encoder_100_none,SonyAIBORobotSurface1,0.795341098169717
Encoder_100_all,SonyAIBORobotSurface1,0.680532445923461
Inception_100_none,SonyAIBORobotSurface1,0.828618968386023
Inception_100_all,SonyAIBORobotSurface1,0.787021630615641
Cnn_1000_none,SonyAIBORobotSurface1,0.968386023294509
Cnn_1000_all,SonyAIBORobotSurface1,0.850249584026622
Resnet_1000_none,SonyAIBORobotSurface1,0.97171381031614
Resnet_1000_all,SonyAIBORobotSurface1,0.856905158069883
Encoder_1000_none,SonyAIBORobotSurface1,0.815307820299501
Encoder_1000_all,SonyAIBORobotSurface1,0.712146422628952
Inception_1000_none,SonyAIBORobotSurface1,0.863560732113145
Inception_1000_all,SonyAIBORobotSurface1,0.793677204658902
Cnn_100_none,SonyAIBORobotSurface2,0.932843651626443
cnn_100_all,SonyAIBORobotSurface2,0.871983210912907
Resnet_100_none,SonyAIBORobotSurface2,0.905561385099685
Resnet_100_all,SonyAIBORobotSurface2,0.85414480587618
Encoder_100_none,SonyAIBORobotSurface2,0.845750262329486
Encoder_100_all,SonyAIBORobotSurface2,0.81112277019937
Inception_100_none,SonyAIBORobotSurface2,0.911857292759706
Inception_100_all,SonyAIBORobotSurface2,0.871983210912907
Cnn_1000_none,SonyAIBORobotSurface2,0.969569779643232
Cnn_1000_all,SonyAIBORobotSurface2,0.905561385099685
Resnet_1000_none,SonyAIBORobotSurface2,0.934942287513116
Resnet_1000_all,SonyAIBORobotSurface2,0.882476390346275
Encoder_1000_none,SonyAIBORobotSurface2,0.85099685204617
Encoder_1000_all,SonyAIBORobotSurface2,0.818467995802728
Inception_1000_none,SonyAIBORobotSurface2,0.935991605456453
Inception_1000_all,SonyAIBORobotSurface2,0.885624344176285
Cnn_100_none,StarLightCurves,0.798081593006314
cnn_100_all,StarLightCurves,0.961996114618747
Resnet_100_none,StarLightCurves,0.942447790189412
Resnet_100_all,StarLightCurves,0.959689169499757
Encoder_100_none,StarLightCurves,0.958353569694026
Encoder_100_all,StarLightCurves,0.946576007770762
Inception_100_none,StarLightCurves,0.973652258377853
Inception_100_all,StarLightCurves,0.905050995628946
Cnn_1000_none,StarLightCurves,0.960053423992229
Cnn_1000_all,StarLightCurves,0.9678241864983
Resnet_1000_none,StarLightCurves,0.975959203496843
Resnet_1000_all,StarLightCurves,0.963574550752793
Encoder_1000_none,StarLightCurves,0.960903351141331
Encoder_1000_all,StarLightCurves,0.945604662457504
Inception_1000_none,StarLightCurves,0.978144730451676
Inception_1000_all,StarLightCurves,0.957382224380767
Cnn_100_none,Strawberry,0.667567567567567
cnn_100_all,Strawberry,0.872972972972973
Resnet_100_none,Strawberry,0.967567567567568
Resnet_100_all,Strawberry,0.902702702702703
Encoder_100_none,Strawberry,0.964864864864865
Encoder_100_all,Strawberry,0.918918918918919
Inception_100_none,Strawberry,0.972972972972973
Inception_100_all,Strawberry,0.808108108108108
Cnn_1000_none,Strawberry,0.978378378378378
Cnn_1000_all,Strawberry,0.918918918918919
Resnet_1000_none,Strawberry,0.983783783783784
Resnet_1000_all,Strawberry,0.937837837837838
Encoder_1000_none,Strawberry,0.978378378378378
Encoder_1000_all,Strawberry,0.940540540540541
Inception_1000_none,Strawberry,0.981081081081081
Inception_1000_all,Strawberry,0.905405405405405
Cnn_100_none,SwedishLeaf,0.9488
cnn_100_all,SwedishLeaf,0.9248
Resnet_100_none,SwedishLeaf,0.9392
Resnet_100_all,SwedishLeaf,0.8864
Encoder_100_none,SwedishLeaf,0.9312
Encoder_100_all,SwedishLeaf,0.912
Inception_100_none,SwedishLeaf,0.9568
Inception_100_all,SwedishLeaf,0.8832
Cnn_1000_none,SwedishLeaf,0.9552
Cnn_1000_all,SwedishLeaf,0.9408
Resnet_1000_none,SwedishLeaf,0.936
Resnet_1000_all,SwedishLeaf,0.9008
Encoder_1000_none,SwedishLeaf,0.928
Encoder_1000_all,SwedishLeaf,0.9184
Inception_1000_none,SwedishLeaf,0.9584
Inception_1000_all,SwedishLeaf,0.9376
Cnn_100_none,Symbols,0.962814070351759
cnn_100_all,Symbols,0.778894472361809
Resnet_100_none,Symbols,0.974874371859296
Resnet_100_all,Symbols,0.868341708542713
Encoder_100_none,Symbols,0.874371859296482
Encoder_100_all,Symbols,0.860301507537688
Inception_100_none,Symbols,0.938693467336683
Inception_100_all,Symbols,0.920603015075377
Cnn_1000_none,Symbols,0.982914572864322
Cnn_1000_all,Symbols,0.974874371859296
Resnet_1000_none,Symbols,0.975879396984925
Resnet_1000_all,Symbols,0.954773869346734
Encoder_1000_none,Symbols,0.890452261306533
Encoder_1000_all,Symbols,0.844221105527638
Inception_1000_none,Symbols,0.974874371859296
Inception_1000_all,Symbols,0.942713567839196
Cnn_100_none,ToeSegmentation1,0.929824561403509
cnn_100_all,ToeSegmentation1,0.864035087719298
Resnet_100_none,ToeSegmentation1,0.947368421052632
Resnet_100_all,ToeSegmentation1,0.820175438596491
Encoder_100_none,ToeSegmentation1,0.596491228070175
Encoder_100_all,ToeSegmentation1,0.548245614035088
Inception_100_none,ToeSegmentation1,0.894736842105263
Inception_100_all,ToeSegmentation1,0.780701754385965
Cnn_1000_none,ToeSegmentation1,0.960526315789473
Cnn_1000_all,ToeSegmentation1,0.881578947368421
Resnet_1000_none,ToeSegmentation1,0.956140350877193
Resnet_1000_all,ToeSegmentation1,0.87719298245614
Encoder_1000_none,ToeSegmentation1,0.583333333333333
Encoder_1000_all,ToeSegmentation1,0.56578947368421
Inception_1000_none,ToeSegmentation1,0.978070175438596
Inception_1000_all,ToeSegmentation1,0.925438596491228
Cnn_100_none,ToeSegmentation2,0.923076923076923
cnn_100_all,ToeSegmentation2,0.884615384615385
Resnet_100_none,ToeSegmentation2,0.938461538461538
Resnet_100_all,ToeSegmentation2,0.953846153846154
Encoder_100_none,ToeSegmentation2,0.669230769230769
Encoder_100_all,ToeSegmentation2,0.469230769230769
Inception_100_none,ToeSegmentation2,0.938461538461538
Inception_100_all,ToeSegmentation2,0.938461538461538
Cnn_1000_none,ToeSegmentation2,0.876923076923077
Cnn_1000_all,ToeSegmentation2,0.915384615384615
Resnet_1000_none,ToeSegmentation2,0.884615384615385
Resnet_1000_all,ToeSegmentation2,0.946153846153846
Encoder_1000_none,ToeSegmentation2,0.669230769230769
Encoder_1000_all,ToeSegmentation2,0.476923076923077
Inception_1000_none,ToeSegmentation2,0.930769230769231
Inception_1000_all,ToeSegmentation2,0.923076923076923
Cnn_100_none,Trace,1
cnn_100_all,Trace,1
Resnet_100_none,Trace,1
Resnet_100_all,Trace,0.95
Encoder_100_none,Trace,0.98
Encoder_100_all,Trace,0.94
Inception_100_none,Trace,1
Inception_100_all,Trace,0.94
Cnn_1000_none,Trace,1
Cnn_1000_all,Trace,1
Resnet_1000_none,Trace,1
Resnet_1000_all,Trace,0.98
Encoder_1000_none,Trace,0.98
Encoder_1000_all,Trace,0.95
Inception_1000_none,Trace,1
Inception_1000_all,Trace,1
Cnn_100_none,TwoLeadECG,0.759438103599649
cnn_100_all,TwoLeadECG,0.763827919227392
Resnet_100_none,TwoLeadECG,0.997366110623354
Resnet_100_all,TwoLeadECG,0.720807726075505
Encoder_100_none,TwoLeadECG,0.97892888498683
Encoder_100_all,TwoLeadECG,0.84108867427568
Inception_100_none,TwoLeadECG,0.633889376646181
Inception_100_all,TwoLeadECG,0.769973661106234
Cnn_1000_none,TwoLeadECG,0.999122036874451
Cnn_1000_all,TwoLeadECG,0.845478489903424
Resnet_1000_none,TwoLeadECG,1
Resnet_1000_all,TwoLeadECG,0.846356453028973
Encoder_1000_none,TwoLeadECG,0.99297629499561
Encoder_1000_all,TwoLeadECG,0.902546093064091
Inception_1000_none,TwoLeadECG,0.995610184372256
Inception_1000_all,TwoLeadECG,0.907813871817384
Cnn_100_none,TwoPatterns,0.868
cnn_100_all,TwoPatterns,0.63
Resnet_100_none,TwoPatterns,1
Resnet_100_all,TwoPatterns,0.83025
Encoder_100_none,TwoPatterns,0.9995
Encoder_100_all,TwoPatterns,0.89525
Inception_100_none,TwoPatterns,1
Inception_100_all,TwoPatterns,0.741
Cnn_1000_none,TwoPatterns,0.8745
Cnn_1000_all,TwoPatterns,0.81475
Resnet_1000_none,TwoPatterns,1
Resnet_1000_all,TwoPatterns,0.87275
Encoder_1000_none,TwoPatterns,1
Encoder_1000_all,TwoPatterns,0.93175
Inception_1000_none,TwoPatterns,1
Inception_1000_all,TwoPatterns,0.97875
Cnn_100_none,UWaveGestureLibraryAll,0.7071468453378
cnn_100_all,UWaveGestureLibraryAll,0.527917364600782
Resnet_100_none,UWaveGestureLibraryAll,0.856225572305974
Resnet_100_all,UWaveGestureLibraryAll,0.553880513679509
Encoder_100_none,UWaveGestureLibraryAll,0.949748743718593
Encoder_100_all,UWaveGestureLibraryAll,0.888330541596873
Inception_100_none,UWaveGestureLibraryAll,0.922668900055835
Inception_100_all,UWaveGestureLibraryAll,0.528475711892797
Cnn_1000_none,UWaveGestureLibraryAll,0.814349525404802
Cnn_1000_all,UWaveGestureLibraryAll,0.655499720826354
Resnet_1000_none,UWaveGestureLibraryAll,0.860134003350084
Resnet_1000_all,UWaveGestureLibraryAll,0.66108319374651
Encoder_1000_none,UWaveGestureLibraryAll,0.95784477945282
Encoder_1000_all,UWaveGestureLibraryAll,0.903685092127303
Inception_1000_none,UWaveGestureLibraryAll,0.936348408710218
Inception_1000_all,UWaveGestureLibraryAll,0.720826353992183
Cnn_100_none,Wine,0.5
cnn_100_all,Wine,0.5
Resnet_100_none,Wine,0.5
Resnet_100_all,Wine,0.5
Encoder_100_none,Wine,0.518518518518518
Encoder_100_all,Wine,0.555555555555556
Inception_100_none,Wine,0.5
Inception_100_all,Wine,0.5
Cnn_1000_none,Wine,0.5
Cnn_1000_all,Wine,0.5
Resnet_1000_none,Wine,0.814814814814815
Resnet_1000_all,Wine,0.5
Encoder_1000_none,Wine,0.722222222222222
Encoder_1000_all,Wine,0.537037037037037
Inception_1000_none,Wine,0.648148148148148
Inception_1000_all,Wine,0.5
Cnn_100_none,WordSynonyms,0.5
cnn_100_all,WordSynonyms,0.431034482758621
Resnet_100_none,WordSynonyms,0.626959247648903
Resnet_100_all,WordSynonyms,0.487460815047022
Encoder_100_none,WordSynonyms,0.598746081504702
Encoder_100_all,WordSynonyms,0.504702194357367
Inception_100_none,WordSynonyms,0.697492163009404
Inception_100_all,WordSynonyms,0.507836990595611
Cnn_1000_none,WordSynonyms,0.550156739811912
Cnn_1000_all,WordSynonyms,0.495297805642633
Resnet_1000_none,WordSynonyms,0.63166144200627
Resnet_1000_all,WordSynonyms,0.506269592476489
Encoder_1000_none,WordSynonyms,0.620689655172414
Encoder_1000_all,WordSynonyms,0.551724137931034
Inception_1000_none,WordSynonyms,0.722570532915361
Inception_1000_all,WordSynonyms,0.595611285266458
Cnn_100_none,Worms,0.545454545454545
cnn_100_all,Worms,0.597402597402597
Resnet_100_none,Worms,0.779220779220779
Resnet_100_all,Worms,0.662337662337662
Encoder_100_none,Worms,0.441558441558442
Encoder_100_all,Worms,0.441558441558442
Inception_100_none,Worms,0.636363636363636
Inception_100_all,Worms,0.584415584415584
Cnn_1000_none,Worms,0.766233766233766
Cnn_1000_all,Worms,0.571428571428571
Resnet_1000_none,Worms,0.766233766233766
Resnet_1000_all,Worms,0.714285714285714
Encoder_1000_none,Worms,0.506493506493506
Encoder_1000_all,Worms,0.480519480519481
Inception_1000_none,Worms,0.779220779220779
Inception_1000_all,Worms,0.662337662337662
Cnn_100_none,WormsTwoClass,0.688311688311688
cnn_100_all,WormsTwoClass,0.701298701298701
Resnet_100_none,WormsTwoClass,0.779220779220779
Resnet_100_all,WormsTwoClass,0.779220779220779
Encoder_100_none,WormsTwoClass,0.662337662337662
Encoder_100_all,WormsTwoClass,0.61038961038961
Inception_100_none,WormsTwoClass,0.818181818181818
Inception_100_all,WormsTwoClass,0.818181818181818
Cnn_1000_none,WormsTwoClass,0.779220779220779
Cnn_1000_all,WormsTwoClass,0.701298701298701
Resnet_1000_none,WormsTwoClass,0.779220779220779
Resnet_1000_all,WormsTwoClass,0.779220779220779
Encoder_1000_none,WormsTwoClass,0.623376623376623
Encoder_1000_all,WormsTwoClass,0.701298701298701
Inception_1000_none,WormsTwoClass,0.818181818181818
Inception_1000_all,WormsTwoClass,0.818181818181818
Cnn_100_none,SyntheticControl,0.983333333333333
cnn_100_all,SyntheticControl,0.773333333333333
Resnet_100_none,SyntheticControl,0.993333333333333
Resnet_100_all,SyntheticControl,0.923333333333333
Encoder_100_none,SyntheticControl,0.986666666666667
Encoder_100_all,SyntheticControl,0.946666666666667
Inception_100_none,SyntheticControl,0.996666666666667
Inception_100_all,SyntheticControl,0.946666666666667
Cnn_1000_none,SyntheticControl,0.983333333333333
Cnn_1000_all,SyntheticControl,0.936666666666667
Resnet_1000_none,SyntheticControl,0.993333333333333
Resnet_1000_all,SyntheticControl,0.96
Encoder_1000_none,SyntheticControl,0.99
Encoder_1000_all,SyntheticControl,0.966666666666667
Inception_1000_none,SyntheticControl,0.996666666666667
Inception_1000_all,SyntheticControl,0.976666666666667
Cnn_100_none,UWaveGestureLibraryX,0.752931323283082
cnn_100_all,UWaveGestureLibraryX,0.72250139586823
Resnet_100_none,UWaveGestureLibraryX,0.783361250697934
Resnet_100_all,UWaveGestureLibraryX,0.727247347850363
Encoder_100_none,UWaveGestureLibraryX,0.7928531546622
Encoder_100_all,UWaveGestureLibraryX,0.738414293690676
Inception_100_none,UWaveGestureLibraryX,0.821608040201005
Inception_100_all,UWaveGestureLibraryX,0.721384701284199
Cnn_1000_none,UWaveGestureLibraryX,0.758514796203238
Cnn_1000_all,UWaveGestureLibraryX,0.745393634840871
Resnet_1000_none,UWaveGestureLibraryX,0.781407035175879
Resnet_1000_all,UWaveGestureLibraryX,0.750697934115019
Encoder_1000_none,UWaveGestureLibraryX,0.784757118927973
Encoder_1000_all,UWaveGestureLibraryX,0.753489670575098
Inception_1000_none,UWaveGestureLibraryX,0.815466219988833
Inception_1000_all,UWaveGestureLibraryX,0.771915131211614
Cnn_100_none,UWaveGestureLibraryY,0.601619207146845
cnn_100_all,UWaveGestureLibraryY,0.431044109436069
Resnet_100_none,UWaveGestureLibraryY,0.675879396984925
Resnet_100_all,UWaveGestureLibraryY,0.436348408710218
Encoder_100_none,UWaveGestureLibraryY,0.681742043551089
Encoder_100_all,UWaveGestureLibraryY,0.652707984366276
Inception_100_none,UWaveGestureLibraryY,0.74930206588498
Inception_100_all,UWaveGestureLibraryY,0.455332216638749
Cnn_1000_none,UWaveGestureLibraryY,0.579843662758236
Cnn_1000_all,UWaveGestureLibraryY,0.483249581239531
Resnet_1000_none,UWaveGestureLibraryY,0.676158570630932
Resnet_1000_all,UWaveGestureLibraryY,0.532942490228922
Encoder_1000_none,UWaveGestureLibraryY,0.681742043551089
Encoder_1000_all,UWaveGestureLibraryY,0.652707984366276
Inception_1000_none,UWaveGestureLibraryY,0.749581239530988
Inception_1000_all,UWaveGestureLibraryY,0.553880513679509
Cnn_100_none,UWaveGestureLibraryZ,0.599944165270798
cnn_100_all,UWaveGestureLibraryZ,0.693746510329425
Resnet_100_none,UWaveGestureLibraryZ,0.757398101619207
Resnet_100_all,UWaveGestureLibraryZ,0.682300390843104
Encoder_100_none,UWaveGestureLibraryZ,0.682021217197097
Encoder_100_all,UWaveGestureLibraryZ,0.661641541038526
Inception_100_none,UWaveGestureLibraryZ,0.763539921831379
Inception_100_all,UWaveGestureLibraryZ,0.675879396984925
Cnn_1000_none,UWaveGestureLibraryZ,0.724455611390285
Cnn_1000_all,UWaveGestureLibraryZ,0.709101060859855
Resnet_1000_none,UWaveGestureLibraryZ,0.756560580681184
Resnet_1000_all,UWaveGestureLibraryZ,0.685929648241206
Encoder_1000_none,UWaveGestureLibraryZ,0.708263539921831
Encoder_1000_all,UWaveGestureLibraryZ,0.669179229480737
Inception_1000_none,UWaveGestureLibraryZ,0.763819095477387
Inception_1000_all,UWaveGestureLibraryZ,0.73143495254048
Cnn_100_none,Wafer,0.995781959766386
cnn_100_all,Wafer,0.937865022712524
Resnet_100_none,Wafer,0.998215444516548
Resnet_100_all,Wafer,0.951492537313433
Encoder_100_none,Wafer,0.995619727449708
Encoder_100_all,Wafer,0.996593121349773
Inception_100_none,Wafer,0.999513303049968
Inception_100_all,Wafer,0.948572355613238
Cnn_1000_none,Wafer,0.996268656716418
Cnn_1000_all,Wafer,0.97420506164828
Resnet_1000_none,Wafer,0.998864373783258
Resnet_1000_all,Wafer,0.987021414665801
Encoder_1000_none,Wafer,0.998864373783258
Encoder_1000_all,Wafer,0.996430889033095
Inception_1000_none,Wafer,0.999513303049968
Inception_1000_all,Wafer,0.992537313432836
Cnn_100_none,Yoga,0.766333333333333
cnn_100_all,Yoga,0.662333333333333
Resnet_100_none,Yoga,0.840666666666667
Resnet_100_all,Yoga,0.704
Encoder_100_none,Yoga,0.846666666666667
Encoder_100_all,Yoga,0.814
Inception_100_none,Yoga,0.917333333333333
Inception_100_all,Yoga,0.655
Cnn_1000_none,Yoga,0.858666666666667
Cnn_1000_all,Yoga,0.748666666666667
Resnet_1000_none,Yoga,0.892666666666667
Resnet_1000_all,Yoga,0.764
Encoder_1000_none,Yoga,0.854
Encoder_1000_all,Yoga,0.813666666666667
Inception_1000_none,Yoga,0.911
Inception_1000_all,Yoga,0.755
inception_100_Training,Adiac,0.0256
inception_1000_Training,Adiac,0.8235
cnn_100_Training,Adiac,0.3223
cnn_1000_Training,Adiac,0.7877
resnet_100_Training,Adiac,0.4987
resnet_1000_Training,Adiac,0.8261
encoder_100_Training,Adiac,0.4348
encoder_1000_Training,Adiac,0.7852
inception_100_Training,ArrowHead,0.3029
inception_1000_Training,ArrowHead,0.8743
cnn_100_Training,ArrowHead,0.3029
cnn_1000_Training,ArrowHead,0.8171
resnet_100_Training,ArrowHead,0.1943
resnet_1000_Training,ArrowHead,0.8514
encoder_100_Training,ArrowHead,0.68
encoder_1000_Training,ArrowHead,0.8457
inception_100_Training,Beef,0.3333
inception_1000_Training,Beef,0.8333
cnn_100_Training,Beef,0.2
cnn_1000_Training,Beef,0.6333
resnet_100_Training,Beef,0.2
resnet_1000_Training,Beef,0.7333
encoder_100_Training,Beef,0.5333
encoder_1000_Training,Beef,0.7333
inception_100_Training,BeetleFly,0.75
inception_1000_Training,BeetleFly,0.85
cnn_100_Training,BeetleFly,0.5
cnn_1000_Training,BeetleFly,0.85
resnet_100_Training,BeetleFly,0.5
resnet_1000_Training,BeetleFly,0.8
encoder_100_Training,BeetleFly,0.75
encoder_1000_Training,BeetleFly,0.7
inception_100_Training,BirdChicken,0.7
inception_1000_Training,BirdChicken,0.85
cnn_100_Training,BirdChicken,0.5
cnn_1000_Training,BirdChicken,0.9
resnet_100_Training,BirdChicken,0.5
resnet_1000_Training,BirdChicken,1
encoder_100_Training,BirdChicken,0.5
encoder_1000_Training,BirdChicken,0.55
inception_100_Training,Car,0.3167
inception_1000_Training,Car,0.8667
cnn_100_Training,Car,0.2333
cnn_1000_Training,Car,0.9167
resnet_100_Training,Car,0.2333
resnet_1000_Training,Car,0.9333
encoder_100_Training,Car,0.6
encoder_1000_Training,Car,0.8333
inception_100_Training,CBF,0.9022
inception_1000_Training,CBF,0.9989
cnn_100_Training,CBF,0.5167
cnn_1000_Training,CBF,0.9978
resnet_100_Training,CBF,0.3333
resnet_1000_Training,CBF,0.9978
encoder_100_Training,CBF,0.9244
encoder_1000_Training,CBF,0.9567
inception_100_Training,ChlorineConcentration,0.5674
inception_1000_Training,ChlorineConcentration,0.8505
cnn_100_Training,ChlorineConcentration,0.3276
cnn_1000_Training,ChlorineConcentration,0.7047
resnet_100_Training,ChlorineConcentration,0.7859
resnet_1000_Training,ChlorineConcentration,0.6747
encoder_100_Training,ChlorineConcentration,0.5828
encoder_1000_Training,ChlorineConcentration,0.7984
inception_100_Training,CinCECGTorso,0.25
inception_1000_Training,CinCECGTorso,0.8268
cnn_100_Training,CinCECGTorso,0.2478
cnn_1000_Training,CinCECGTorso,0.8167
resnet_100_Training,CinCECGTorso,0.2478
resnet_1000_Training,CinCECGTorso,0.8399
encoder_100_Training,CinCECGTorso,0.8587
encoder_1000_Training,CinCECGTorso,0.8833
inception_100_Training,Coffee,0.5357
inception_1000_Training,Coffee,1
cnn_100_Training,Coffee,0.5357
cnn_1000_Training,Coffee,1
resnet_100_Training,Coffee,0.5357
resnet_1000_Training,Coffee,1
encoder_100_Training,Coffee,1
encoder_1000_Training,Coffee,1
inception_100_Training,Computers,0.484
inception_1000_Training,Computers,0.788
cnn_100_Training,Computers,0.7
cnn_1000_Training,Computers,0.828
resnet_100_Training,Computers,0.76
resnet_1000_Training,Computers,0.808
encoder_100_Training,Computers,0.572
encoder_1000_Training,Computers,0.576
inception_100_Training,CricketX,0.2744
inception_1000_Training,CricketX,0.8333
cnn_100_Training,CricketX,0.5513
cnn_1000_Training,CricketX,0.7769
resnet_100_Training,CricketX,0.6359
resnet_1000_Training,CricketX,0.7744
encoder_100_Training,CricketX,0.5897
encoder_1000_Training,CricketX,0.6154
inception_100_Training,CricketY,0.2231
inception_1000_Training,CricketY,0.8436
cnn_100_Training,CricketY,0.6615
cnn_1000_Training,CricketY,0.759
resnet_100_Training,CricketY,0.6821
resnet_1000_Training,CricketY,0.8026
encoder_100_Training,CricketY,0.5538
encoder_1000_Training,CricketY,0.5923
inception_100_Training,CricketZ,0.3462
inception_1000_Training,CricketZ,0.8538
cnn_100_Training,CricketZ,0.7077
cnn_1000_Training,CricketZ,0.7795
resnet_100_Training,CricketZ,0.6436
resnet_1000_Training,CricketZ,0.7949
encoder_100_Training,CricketZ,0.5462
encoder_1000_Training,CricketZ,0.6154
inception_100_Training,DiatomSizeReduction,0.3007
inception_1000_Training,DiatomSizeReduction,0.9673
cnn_100_Training,DiatomSizeReduction,0.1078
cnn_1000_Training,DiatomSizeReduction,0.9216
resnet_100_Training,DiatomSizeReduction,0.3072
resnet_1000_Training,DiatomSizeReduction,0.9902
encoder_100_Training,DiatomSizeReduction,0.8824
encoder_1000_Training,DiatomSizeReduction,0.9641
inception_100_Training,DistalPhalanxOutlineAgeGroup,0.5108
inception_1000_Training,DistalPhalanxOutlineAgeGroup,0.6763
cnn_100_Training,DistalPhalanxOutlineAgeGroup,0.7338
cnn_1000_Training,DistalPhalanxOutlineAgeGroup,0.6906
resnet_100_Training,DistalPhalanxOutlineAgeGroup,0.6978
resnet_1000_Training,DistalPhalanxOutlineAgeGroup,0.7266
encoder_100_Training,DistalPhalanxOutlineAgeGroup,0.7626
encoder_1000_Training,DistalPhalanxOutlineAgeGroup,0.6978
inception_100_Training,DistalPhalanxOutlineCorrect,0.5688
inception_1000_Training,DistalPhalanxOutlineCorrect,0.7935
cnn_100_Training,DistalPhalanxOutlineCorrect,0.7065
cnn_1000_Training,DistalPhalanxOutlineCorrect,0.7572
resnet_100_Training,DistalPhalanxOutlineCorrect,0.7754
resnet_1000_Training,DistalPhalanxOutlineCorrect,0.7645
encoder_100_Training,DistalPhalanxOutlineCorrect,0.7536
encoder_1000_Training,DistalPhalanxOutlineCorrect,0.7609
inception_100_Training,DistalPhalanxTW,0.3957
inception_1000_Training,DistalPhalanxTW,0.6763
cnn_100_Training,DistalPhalanxTW,0.5827
cnn_1000_Training,DistalPhalanxTW,0.7266
resnet_100_Training,DistalPhalanxTW,0.6547
resnet_1000_Training,DistalPhalanxTW,0.6906
encoder_100_Training,DistalPhalanxTW,0.6978
encoder_1000_Training,DistalPhalanxTW,0.6331
inception_100_Training,Earthquakes,0.7266
inception_1000_Training,Earthquakes,0.7482
cnn_100_Training,Earthquakes,0.7482
cnn_1000_Training,Earthquakes,0.7482
resnet_100_Training,Earthquakes,0.7482
resnet_1000_Training,Earthquakes,0.741
encoder_100_Training,Earthquakes,0.7482
encoder_1000_Training,Earthquakes,0.7482
inception_100_Training,ECG200,0.36
inception_1000_Training,ECG200,0.92
cnn_100_Training,ECG200,0.36
cnn_1000_Training,ECG200,0.72
resnet_100_Training,ECG200,0.36
resnet_1000_Training,ECG200,0.87
encoder_100_Training,ECG200,0.89
encoder_1000_Training,ECG200,0.91
inception_100_Training,ECG5000,0.7918
inception_1000_Training,ECG5000,0.9402
cnn_100_Training,ECG5000,0.9364
cnn_1000_Training,ECG5000,0.9351
resnet_100_Training,ECG5000,0.9429
resnet_1000_Training,ECG5000,0.9369
encoder_100_Training,ECG5000,0.9409
encoder_1000_Training,ECG5000,0.9389
inception_100_Training,ECGFiveDays,1
inception_1000_Training,ECGFiveDays,1
cnn_100_Training,ECGFiveDays,0.5029
cnn_1000_Training,ECGFiveDays,0.9895
resnet_100_Training,ECGFiveDays,0.8223
resnet_1000_Training,ECGFiveDays,0.9954
encoder_100_Training,ECGFiveDays,0.8688
encoder_1000_Training,ECGFiveDays,0.9977
inception_100_Training,ElectricDevices,0.4788
inception_1000_Training,ElectricDevices,0.6942
cnn_100_Training,ElectricDevices,0.7288
cnn_1000_Training,ElectricDevices,0.7376
resnet_100_Training,ElectricDevices,0.7213
resnet_1000_Training,ElectricDevices,0.7166
encoder_100_Training,ElectricDevices,0.6904
encoder_1000_Training,ElectricDevices,0.7
inception_100_Training,FaceAll,0.6746
inception_1000_Training,FaceAll,0.7976
cnn_100_Training,FaceAll,0.9024
cnn_1000_Training,FaceAll,0.9314
resnet_100_Training,FaceAll,0.8426
resnet_1000_Training,FaceAll,0.8361
encoder_100_Training,FaceAll,0.7799
encoder_1000_Training,FaceAll,0.8053
inception_100_Training,FaceFour,0.25
inception_1000_Training,FaceFour,0.9659
cnn_100_Training,FaceFour,0.25
cnn_1000_Training,FaceFour,0.9205
resnet_100_Training,FaceFour,0.2727
resnet_1000_Training,FaceFour,0.9545
encoder_100_Training,FaceFour,0.7273
encoder_1000_Training,FaceFour,0.8409
inception_100_Training,FacesUCR,0.4546
inception_1000_Training,FacesUCR,0.9615
cnn_100_Training,FacesUCR,0.6917
cnn_1000_Training,FacesUCR,0.9459
resnet_100_Training,FacesUCR,0.7137
resnet_1000_Training,FacesUCR,0.9551
encoder_100_Training,FacesUCR,0.7834
encoder_1000_Training,FacesUCR,0.8663
inception_100_Training,FiftyWords,0.1978
inception_1000_Training,FiftyWords,0.8022
cnn_100_Training,FiftyWords,0.4857
cnn_1000_Training,FiftyWords,0.6549
resnet_100_Training,FiftyWords,0.6352
resnet_1000_Training,FiftyWords,0.6791
encoder_100_Training,FiftyWords,0.633
encoder_1000_Training,FiftyWords,0.6923
inception_100_Training,Fish,0.1257
inception_1000_Training,Fish,0.9771
cnn_100_Training,Fish,0.1429
cnn_1000_Training,Fish,0.9657
resnet_100_Training,Fish,0.1429
resnet_1000_Training,Fish,0.9771
encoder_100_Training,Fish,0.8343
encoder_1000_Training,Fish,0.8914
inception_100_Training,FordA,0.9432
inception_1000_Training,FordA,0.947
cnn_100_Training,FordA,0.9174
cnn_1000_Training,FordA,0.9258
resnet_100_Training,FordA,0.928
resnet_1000_Training,FordA,0.9356
encoder_100_Training,FordA,0.9386
encoder_1000_Training,FordA,0.9379
inception_100_Training,FordB,0.8136
inception_1000_Training,FordB,0.8494
cnn_100_Training,FordB,0.7642
cnn_1000_Training,FordB,0.7778
resnet_100_Training,FordB,0.8025
resnet_1000_Training,FordB,0.816
encoder_100_Training,FordB,0.7741
encoder_1000_Training,FordB,0.7877
inception_100_Training,GunPoint,0.7467
inception_1000_Training,GunPoint,0.9867
cnn_100_Training,GunPoint,0.5067
cnn_1000_Training,GunPoint,0.9867
resnet_100_Training,GunPoint,0.5067
resnet_1000_Training,GunPoint,0.9933
encoder_100_Training,GunPoint,0.96
encoder_1000_Training,GunPoint,0.9867
inception_100_Training,Ham,0.5143
inception_1000_Training,Ham,0.7238
cnn_100_Training,Ham,0.6571
cnn_1000_Training,Ham,0.6286
resnet_100_Training,Ham,0.5143
resnet_1000_Training,Ham,0.7619
encoder_100_Training,Ham,0.7048
encoder_1000_Training,Ham,0.7143
inception_100_Training,HandOutlines,0.6757
inception_1000_Training,HandOutlines,0.9676
cnn_100_Training,HandOutlines,0.6405
cnn_1000_Training,HandOutlines,0.673
resnet_100_Training,HandOutlines,0.5676
resnet_1000_Training,HandOutlines,0.9297
encoder_100_Training,HandOutlines,0.9135
encoder_1000_Training,HandOutlines,0.9243
inception_100_Training,Haptics,0.2078
inception_1000_Training,Haptics,0.5649
cnn_100_Training,Haptics,0.2175
cnn_1000_Training,Haptics,0.4805
resnet_100_Training,Haptics,0.2305
resnet_1000_Training,Haptics,0.526
encoder_100_Training,Haptics,0.474
encoder_1000_Training,Haptics,0.4513
inception_100_Training,Herring,0.5938
inception_1000_Training,Herring,0.6562
cnn_100_Training,Herring,0.4062
cnn_1000_Training,Herring,0.6406
resnet_100_Training,Herring,0.4062
resnet_1000_Training,Herring,0.625
encoder_100_Training,Herring,0.5469
encoder_1000_Training,Herring,0.4375
inception_100_Training,InlineSkate,0.1527
inception_1000_Training,InlineSkate,0.4818
cnn_100_Training,InlineSkate,0.1618
cnn_1000_Training,InlineSkate,0.2527
resnet_100_Training,InlineSkate,0.1564
resnet_1000_Training,InlineSkate,0.4
encoder_100_Training,InlineSkate,0.2418
encoder_1000_Training,InlineSkate,0.2618
inception_100_Training,InsectWingbeatSound,0.1768
inception_1000_Training,InsectWingbeatSound,0.6212
cnn_100_Training,InsectWingbeatSound,0.1515
cnn_1000_Training,InsectWingbeatSound,0.3934
resnet_100_Training,InsectWingbeatSound,0.2955
resnet_1000_Training,InsectWingbeatSound,0.4788
encoder_100_Training,InsectWingbeatSound,0.6015
encoder_1000_Training,InsectWingbeatSound,0.6126
inception_100_Training,ItalyPowerDemand,0.8552
inception_1000_Training,ItalyPowerDemand,0.965
cnn_100_Training,ItalyPowerDemand,0.5015
cnn_1000_Training,ItalyPowerDemand,0.9572
resnet_100_Training,ItalyPowerDemand,0.5015
resnet_1000_Training,ItalyPowerDemand,0.966
encoder_100_Training,ItalyPowerDemand,0.9689
encoder_1000_Training,ItalyPowerDemand,0.9718
inception_100_Training,LargeKitchenAppliances,0.544
inception_1000_Training,LargeKitchenAppliances,0.9013
cnn_100_Training,LargeKitchenAppliances,0.8613
cnn_1000_Training,LargeKitchenAppliances,0.8907
resnet_100_Training,LargeKitchenAppliances,0.84
resnet_1000_Training,LargeKitchenAppliances,0.896
encoder_100_Training,LargeKitchenAppliances,0.472
encoder_1000_Training,LargeKitchenAppliances,0.552
inception_100_Training,Lightning2,0.541
inception_1000_Training,Lightning2,0.7869
cnn_100_Training,Lightning2,0.541
cnn_1000_Training,Lightning2,0.7541
resnet_100_Training,Lightning2,0.6557
resnet_1000_Training,Lightning2,0.7705
encoder_100_Training,Lightning2,0.6721
encoder_1000_Training,Lightning2,0.6885
inception_100_Training,Lightning7,0.3288
inception_1000_Training,Lightning7,0.8082
cnn_100_Training,Lightning7,0.1644
cnn_1000_Training,Lightning7,0.7945
resnet_100_Training,Lightning7,0.1233
resnet_1000_Training,Lightning7,0.8493
encoder_100_Training,Lightning7,0.5205
encoder_1000_Training,Lightning7,0.5616
inception_100_Training,Mallat,0.1241
inception_1000_Training,Mallat,0.9625
cnn_100_Training,Mallat,0.1245
cnn_1000_Training,Mallat,0.9748
resnet_100_Training,Mallat,0.1245
resnet_1000_Training,Mallat,0.9608
encoder_100_Training,Mallat,0.8674
encoder_1000_Training,Mallat,0.9339
inception_100_Training,Meat,0.3333
inception_1000_Training,Meat,0.8833
cnn_100_Training,Meat,0.3333
cnn_1000_Training,Meat,0.6
resnet_100_Training,Meat,0.3333
resnet_1000_Training,Meat,0.9333
encoder_100_Training,Meat,0.65
encoder_1000_Training,Meat,0.85
inception_100_Training,MedicalImages,0.5658
inception_1000_Training,MedicalImages,0.7776
cnn_100_Training,MedicalImages,0.7211
cnn_1000_Training,MedicalImages,0.7763
resnet_100_Training,MedicalImages,0.75
resnet_1000_Training,MedicalImages,0.75
encoder_100_Training,MedicalImages,0.6895
encoder_1000_Training,MedicalImages,0.775
inception_100_Training,MiddlePhalanxOutlineAgeGroup,0.1883
inception_1000_Training,MiddlePhalanxOutlineAgeGroup,0.539
cnn_100_Training,MiddlePhalanxOutlineAgeGroup,0.3052
cnn_1000_Training,MiddlePhalanxOutlineAgeGroup,0.526
resnet_100_Training,MiddlePhalanxOutlineAgeGroup,0.539
resnet_1000_Training,MiddlePhalanxOutlineAgeGroup,0.5779
encoder_100_Training,MiddlePhalanxOutlineAgeGroup,0.5779
encoder_1000_Training,MiddlePhalanxOutlineAgeGroup,0.5325
inception_100_Training,MiddlePhalanxOutlineCorrect,0.4296
inception_1000_Training,MiddlePhalanxOutlineCorrect,0.8179
cnn_100_Training,MiddlePhalanxOutlineCorrect,0.4536
cnn_1000_Training,MiddlePhalanxOutlineCorrect,0.7285
resnet_100_Training,MiddlePhalanxOutlineCorrect,0.7388
resnet_1000_Training,MiddlePhalanxOutlineCorrect,0.8385
encoder_100_Training,MiddlePhalanxOutlineCorrect,0.8041
encoder_1000_Training,MiddlePhalanxOutlineCorrect,0.811
inception_100_Training,MiddlePhalanxTW,0.1623
inception_1000_Training,MiddlePhalanxTW,0.5065
cnn_100_Training,MiddlePhalanxTW,0.3117
cnn_1000_Training,MiddlePhalanxTW,0.5519
resnet_100_Training,MiddlePhalanxTW,0.2013
resnet_1000_Training,MiddlePhalanxTW,0.5195
encoder_100_Training,MiddlePhalanxTW,0.5779
encoder_1000_Training,MiddlePhalanxTW,0.5325
inception_100_Training,MoteStrain,0.7348
inception_1000_Training,MoteStrain,0.897
cnn_100_Training,MoteStrain,0.7476
cnn_1000_Training,MoteStrain,0.9265
resnet_100_Training,MoteStrain,0.6901
resnet_1000_Training,MoteStrain,0.9233
encoder_100_Training,MoteStrain,0.8259
encoder_1000_Training,MoteStrain,0.8283
inception_100_Training,NonInvasiveFetalECGThorax1,0.7537
inception_1000_Training,NonInvasiveFetalECGThorax1,0.9466
cnn_100_Training,NonInvasiveFetalECGThorax1,0.7018
cnn_1000_Training,NonInvasiveFetalECGThorax1,0.9333
resnet_100_Training,NonInvasiveFetalECGThorax1,0.8631
resnet_1000_Training,NonInvasiveFetalECGThorax1,0.9384
encoder_100_Training,NonInvasiveFetalECGThorax1,0.9155
encoder_1000_Training,NonInvasiveFetalECGThorax1,0.9384
inception_100_Training,NonInvasiveFetalECGThorax2,0.6804
inception_1000_Training,NonInvasiveFetalECGThorax2,0.9486
cnn_100_Training,NonInvasiveFetalECGThorax2,0.0473
cnn_1000_Training,NonInvasiveFetalECGThorax2,0.9445
resnet_100_Training,NonInvasiveFetalECGThorax2,0.9237
resnet_1000_Training,NonInvasiveFetalECGThorax2,0.9476
encoder_100_Training,NonInvasiveFetalECGThorax2,0.9038
encoder_1000_Training,NonInvasiveFetalECGThorax2,0.945
inception_100_Training,OliveOil,0.1333
inception_1000_Training,OliveOil,0.8333
cnn_100_Training,OliveOil,0.3
cnn_1000_Training,OliveOil,0.4
resnet_100_Training,OliveOil,0.1333
resnet_1000_Training,OliveOil,0.9333
encoder_100_Training,OliveOil,0.4
encoder_1000_Training,OliveOil,0.4667
inception_100_Training,OSULeaf,0.1364
inception_1000_Training,OSULeaf,0.938
cnn_100_Training,OSULeaf,0.2273
cnn_1000_Training,OSULeaf,0.9669
resnet_100_Training,OSULeaf,0.3595
resnet_1000_Training,OSULeaf,0.9669
encoder_100_Training,OSULeaf,0.562
encoder_1000_Training,OSULeaf,0.657
inception_100_Training,PhalangesOutlinesCorrect,0.8252
inception_1000_Training,PhalangesOutlinesCorrect,0.8205
cnn_100_Training,PhalangesOutlinesCorrect,0.7063
cnn_1000_Training,PhalangesOutlinesCorrect,0.8298
resnet_100_Training,PhalangesOutlinesCorrect,0.8042
resnet_1000_Training,PhalangesOutlinesCorrect,0.8298
encoder_100_Training,PhalangesOutlinesCorrect,0.7762
encoder_1000_Training,PhalangesOutlinesCorrect,0.8345
inception_100_Training,Phoneme,0.1266
inception_1000_Training,Phoneme,0.3339
cnn_100_Training,Phoneme,0.192
cnn_1000_Training,Phoneme,0.336
resnet_100_Training,Phoneme,0.2326
resnet_1000_Training,Phoneme,0.3307
encoder_100_Training,Phoneme,0.1171
encoder_1000_Training,Phoneme,0.1229
inception_100_Training,Plane,0.2381
inception_1000_Training,Plane,1
cnn_100_Training,Plane,0.1619
cnn_1000_Training,Plane,1
resnet_100_Training,Plane,0.1619
resnet_1000_Training,Plane,1
encoder_100_Training,Plane,0.9619
encoder_1000_Training,Plane,0.981
inception_100_Training,ProximalPhalanxOutlineAgeGroup,0.4878
inception_1000_Training,ProximalPhalanxOutlineAgeGroup,0.839
cnn_100_Training,ProximalPhalanxOutlineAgeGroup,0.8146
cnn_1000_Training,ProximalPhalanxOutlineAgeGroup,0.8439
resnet_100_Training,ProximalPhalanxOutlineAgeGroup,0.8488
resnet_1000_Training,ProximalPhalanxOutlineAgeGroup,0.8293
encoder_100_Training,ProximalPhalanxOutlineAgeGroup,0.8537
encoder_1000_Training,ProximalPhalanxOutlineAgeGroup,0.8732
inception_100_Training,ProximalPhalanxOutlineCorrect,0.3162
inception_1000_Training,ProximalPhalanxOutlineCorrect,0.9175
cnn_100_Training,ProximalPhalanxOutlineCorrect,0.7801
cnn_1000_Training,ProximalPhalanxOutlineCorrect,0.8935
resnet_100_Training,ProximalPhalanxOutlineCorrect,0.7457
resnet_1000_Training,ProximalPhalanxOutlineCorrect,0.9003
encoder_100_Training,ProximalPhalanxOutlineCorrect,0.7938
encoder_1000_Training,ProximalPhalanxOutlineCorrect,0.8797
inception_100_Training,ProximalPhalanxTW,0.3512
inception_1000_Training,ProximalPhalanxTW,0.7659
cnn_100_Training,ProximalPhalanxTW,0.4195
cnn_1000_Training,ProximalPhalanxTW,0.7707
resnet_100_Training,ProximalPhalanxTW,0.7268
resnet_1000_Training,ProximalPhalanxTW,0.761
encoder_100_Training,ProximalPhalanxTW,0.8146
encoder_1000_Training,ProximalPhalanxTW,0.7707
inception_100_Training,RefrigerationDevices,0.2933
inception_1000_Training,RefrigerationDevices,0.5067
cnn_100_Training,RefrigerationDevices,0.4
cnn_1000_Training,RefrigerationDevices,0.5173
resnet_100_Training,RefrigerationDevices,0.5093
resnet_1000_Training,RefrigerationDevices,0.5627
encoder_100_Training,RefrigerationDevices,0.4267
encoder_1000_Training,RefrigerationDevices,0.4907
inception_100_Training,ScreenType,0.392
inception_1000_Training,ScreenType,0.5787
cnn_100_Training,ScreenType,0.5387
cnn_1000_Training,ScreenType,0.6427
resnet_100_Training,ScreenType,0.5333
resnet_1000_Training,ScreenType,0.6293
encoder_100_Training,ScreenType,0.312
encoder_1000_Training,ScreenType,0.3253
inception_100_Training,ShapeletSim,0.5
inception_1000_Training,ShapeletSim,1
cnn_100_Training,ShapeletSim,0.5
cnn_1000_Training,ShapeletSim,0.9278
resnet_100_Training,ShapeletSim,0.5
resnet_1000_Training,ShapeletSim,0.9889
encoder_100_Training,ShapeletSim,0.5056
encoder_1000_Training,ShapeletSim,0.5889
inception_100_Training,ShapesAll,0.0167
inception_1000_Training,ShapesAll,0.91
cnn_100_Training,ShapesAll,0.04
cnn_1000_Training,ShapesAll,0.8567
resnet_100_Training,ShapesAll,0.8917
resnet_1000_Training,ShapesAll,0.9233
encoder_100_Training,ShapesAll,0.75
encoder_1000_Training,ShapesAll,0.735
inception_100_Training,SmallKitchenAppliances,0.7333
inception_1000_Training,SmallKitchenAppliances,0.7227
cnn_100_Training,SmallKitchenAppliances,0.5973
cnn_1000_Training,SmallKitchenAppliances,0.8
resnet_100_Training,SmallKitchenAppliances,0.704
resnet_1000_Training,SmallKitchenAppliances,0.7733
encoder_100_Training,SmallKitchenAppliances,0.448
encoder_1000_Training,SmallKitchenAppliances,0.5307
inception_100_Training,SonyAIBORobotSurface1,0.4293
inception_1000_Training,SonyAIBORobotSurface1,0.9351
cnn_100_Training,SonyAIBORobotSurface1,0.4293
cnn_1000_Training,SonyAIBORobotSurface1,0.97
resnet_100_Training,SonyAIBORobotSurface1,0.4293
resnet_1000_Training,SonyAIBORobotSurface1,0.97
encoder_100_Training,SonyAIBORobotSurface1,0.7005
encoder_1000_Training,SonyAIBORobotSurface1,0.8136
inception_100_Training,SonyAIBORobotSurface2,0.9014
inception_1000_Training,SonyAIBORobotSurface2,0.9507
cnn_100_Training,SonyAIBORobotSurface2,0.617
cnn_1000_Training,SonyAIBORobotSurface2,0.978
resnet_100_Training,SonyAIBORobotSurface2,0.617
resnet_1000_Training,SonyAIBORobotSurface2,0.9727
encoder_100_Training,SonyAIBORobotSurface2,0.7975
encoder_1000_Training,SonyAIBORobotSurface2,0.851
inception_100_Training,StarLightCurves,0.6843
inception_1000_Training,StarLightCurves,0.9786
cnn_100_Training,StarLightCurves,0.4588
cnn_1000_Training,StarLightCurves,0.9693
resnet_100_Training,StarLightCurves,0.9388
resnet_1000_Training,StarLightCurves,0.9709
encoder_100_Training,StarLightCurves,0.9755
encoder_1000_Training,StarLightCurves,0.9706
inception_100_Training,Strawberry,0.9216
inception_1000_Training,Strawberry,0.7351
cnn_100_Training,Strawberry,0.6432
cnn_1000_Training,Strawberry,0.973
resnet_100_Training,Strawberry,0.9486
resnet_1000_Training,Strawberry,0.9811
encoder_100_Training,Strawberry,0.927
encoder_1000_Training,Strawberry,0.9757
inception_100_Training,SwedishLeaf,0.1792
inception_1000_Training,SwedishLeaf,0.9568
cnn_100_Training,SwedishLeaf,0.6592
cnn_1000_Training,SwedishLeaf,0.9712
resnet_100_Training,SwedishLeaf,0.9648
resnet_1000_Training,SwedishLeaf,0.9648
encoder_100_Training,SwedishLeaf,0.9376
encoder_1000_Training,SwedishLeaf,0.9488
inception_100_Training,Symbols,0.3638
inception_1000_Training,Symbols,0.9809
cnn_100_Training,Symbols,0.1709
cnn_1000_Training,Symbols,0.9719
resnet_100_Training,Symbols,0.1819
resnet_1000_Training,Symbols,0.9508
encoder_100_Training,Symbols,0.8261
encoder_1000_Training,Symbols,0.9437
inception_100_Training,SyntheticControl,0.4633
inception_1000_Training,SyntheticControl,0.9967
cnn_100_Training,SyntheticControl,0.9667
cnn_1000_Training,SyntheticControl,0.99
resnet_100_Training,SyntheticControl,0.7167
resnet_1000_Training,SyntheticControl,0.9933
encoder_100_Training,SyntheticControl,0.9833
encoder_1000_Training,SyntheticControl,0.99
inception_100_Training,ToeSegmentation1,0.8377
inception_1000_Training,ToeSegmentation1,0.9649
cnn_100_Training,ToeSegmentation1,0.4035
cnn_1000_Training,ToeSegmentation1,0.9605
resnet_100_Training,ToeSegmentation1,0.5263
resnet_1000_Training,ToeSegmentation1,0.9693
encoder_100_Training,ToeSegmentation1,0.5658
encoder_1000_Training,ToeSegmentation1,0.614
inception_100_Training,ToeSegmentation2,0.8231
inception_1000_Training,ToeSegmentation2,0.8923
cnn_100_Training,ToeSegmentation2,0.1846
cnn_1000_Training,ToeSegmentation2,0.8846
resnet_100_Training,ToeSegmentation2,0.1846
resnet_1000_Training,ToeSegmentation2,0.9077
encoder_100_Training,ToeSegmentation2,0.5769
encoder_1000_Training,ToeSegmentation2,0.6923
inception_100_Training,Trace,0.54
inception_1000_Training,Trace,1
cnn_100_Training,Trace,0.24
cnn_1000_Training,Trace,1
resnet_100_Training,Trace,0.24
resnet_1000_Training,Trace,1
encoder_100_Training,Trace,0.94
encoder_1000_Training,Trace,0.97
inception_100_Training,TwoLeadECG,0.4996
inception_1000_Training,TwoLeadECG,0.9991
cnn_100_Training,TwoLeadECG,0.5004
cnn_1000_Training,TwoLeadECG,0.9991
resnet_100_Training,TwoLeadECG,0.5022
resnet_1000_Training,TwoLeadECG,1
encoder_100_Training,TwoLeadECG,0.8016
encoder_1000_Training,TwoLeadECG,0.9543
inception_100_Training,TwoPatterns,1
inception_1000_Training,TwoPatterns,1
cnn_100_Training,TwoPatterns,0.768
cnn_1000_Training,TwoPatterns,0.8535
resnet_100_Training,TwoPatterns,0.9927
resnet_1000_Training,TwoPatterns,0.9955
encoder_100_Training,TwoPatterns,0.9965
encoder_1000_Training,TwoPatterns,0.9992
inception_100_Training,UWaveGestureLibraryAll,0.383
inception_1000_Training,UWaveGestureLibraryAll,0.928
cnn_100_Training,UWaveGestureLibraryAll,0.6337
cnn_1000_Training,UWaveGestureLibraryAll,0.8197
resnet_100_Training,UWaveGestureLibraryAll,0.8546
resnet_1000_Training,UWaveGestureLibraryAll,0.8568
encoder_100_Training,UWaveGestureLibraryAll,0.9475
encoder_1000_Training,UWaveGestureLibraryAll,0.9551
inception_100_Training,UWaveGestureLibraryX,0.7652
inception_1000_Training,UWaveGestureLibraryX,0.8063
cnn_100_Training,UWaveGestureLibraryX,0.2644
cnn_1000_Training,UWaveGestureLibraryX,0.7434
resnet_100_Training,UWaveGestureLibraryX,0.7694
resnet_1000_Training,UWaveGestureLibraryX,0.7761
encoder_100_Training,UWaveGestureLibraryX,0.8054
encoder_1000_Training,UWaveGestureLibraryX,0.8065
inception_100_Training,UWaveGestureLibraryY,0.5581
inception_1000_Training,UWaveGestureLibraryY,0.744
cnn_100_Training,UWaveGestureLibraryY,0.5212
cnn_1000_Training,UWaveGestureLibraryY,0.6357
resnet_100_Training,UWaveGestureLibraryY,0.5997
resnet_1000_Training,UWaveGestureLibraryY,0.6711
encoder_100_Training,UWaveGestureLibraryY,0.7049
encoder_1000_Training,UWaveGestureLibraryY,0.7077
inception_100_Training,UWaveGestureLibraryZ,0.653
inception_1000_Training,UWaveGestureLibraryZ,0.758
cnn_100_Training,UWaveGestureLibraryZ,0.3844
cnn_1000_Training,UWaveGestureLibraryZ,0.7247
resnet_100_Training,UWaveGestureLibraryZ,0.7462
resnet_1000_Training,UWaveGestureLibraryZ,0.749
encoder_100_Training,UWaveGestureLibraryZ,0.727
encoder_1000_Training,UWaveGestureLibraryZ,0.7183
inception_100_Training,Wafer,0.9544
inception_1000_Training,Wafer,0.9987
cnn_100_Training,Wafer,0.9283
cnn_1000_Training,Wafer,0.9966
resnet_100_Training,Wafer,0.9956
resnet_1000_Training,Wafer,0.9977
encoder_100_Training,Wafer,0.9964
encoder_1000_Training,Wafer,0.9976
inception_100_Training,Wine,0.5
inception_1000_Training,Wine,0.7778
cnn_100_Training,Wine,0.5
cnn_1000_Training,Wine,0.5
resnet_100_Training,Wine,0.5
resnet_1000_Training,Wine,0.7407
encoder_100_Training,Wine,0.5
encoder_1000_Training,Wine,0.463
inception_100_Training,WordSynonyms,0.3433
inception_1000_Training,WordSynonyms,0.7461
cnn_100_Training,WordSynonyms,0.1865
cnn_1000_Training,WordSynonyms,0.4984
resnet_100_Training,WordSynonyms,0.3464
resnet_1000_Training,WordSynonyms,0.5878
encoder_100_Training,WordSynonyms,0.5282
encoder_1000_Training,WordSynonyms,0.5721
inception_100_Training,Worms,0.3506
inception_1000_Training,Worms,0.7792
cnn_100_Training,Worms,0.1039
cnn_1000_Training,Worms,0.7662
resnet_100_Training,Worms,0.2597
resnet_1000_Training,Worms,0.7792
encoder_100_Training,Worms,0.5714
encoder_1000_Training,Worms,0.5455
inception_100_Training,WormsTwoClass,0.6234
inception_1000_Training,WormsTwoClass,0.7662
cnn_100_Training,WormsTwoClass,0.5714
cnn_1000_Training,WormsTwoClass,0.7273
resnet_100_Training,WormsTwoClass,0.5714
resnet_1000_Training,WormsTwoClass,0.7922
encoder_100_Training,WormsTwoClass,0.6623
encoder_1000_Training,WormsTwoClass,0.6623
inception_100_Training,Yoga,0.5547
inception_1000_Training,Yoga,0.891
cnn_100_Training,Yoga,0.5357
cnn_1000_Training,Yoga,0.7507
resnet_100_Training,Yoga,0.655
resnet_1000_Training,Yoga,0.8777
encoder_100_Training,Yoga,0.8303
encoder_1000_Training,Yoga,0.8663
