model;pre_trained_set;training_set;num_frozen_layers;epochs;accuracy
CNN;WordSynonyms;FiftyWords;0;100;0.610989010989011
CNN;WordSynonyms;FiftyWords;11;100;0.4725274725274725
RESNET;WordSynonyms;FiftyWords;0;100;0.6813186813186813
RESNET;WordSynonyms;FiftyWords;37;100;0.4945054945054945
ENCODER;WordSynonyms;FiftyWords;0;100;0.7076923076923077
ENCODER;WordSynonyms;FiftyWords;22;100;0.5802197802197803
INCEPTION;WordSynonyms;FiftyWords;0;100;0.7384615384615385
INCEPTION;WordSynonyms;FiftyWords;63;100;0.5516483516483517
CNN;WordSynonyms;FiftyWords;0;1000;0.6571428571428571
CNN;WordSynonyms;FiftyWords;11;1000;0.5560439560439561
RESNET;WordSynonyms;FiftyWords;0;1000;0.7164835164835165
RESNET;WordSynonyms;FiftyWords;37;1000;0.5230769230769231
ENCODER;WordSynonyms;FiftyWords;0;1000;0.7142857142857143
ENCODER;WordSynonyms;FiftyWords;22;1000;0.6065934065934065
INCEPTION;WordSynonyms;FiftyWords;0;1000;0.8241758241758241
INCEPTION;WordSynonyms;FiftyWords;63;1000;0.7054945054945055
CNN;DiatomSizeReduction;Adiac;0;100;0.5933503836317136
CNN;DiatomSizeReduction;Adiac;11;100;0.3938618925831202
RESNET;DiatomSizeReduction;Adiac;0;100;0.4680306905370844
RESNET;DiatomSizeReduction;Adiac;37;100;0.3554987212276215
ENCODER;DiatomSizeReduction;Adiac;0;100;0.7800511508951407
ENCODER;DiatomSizeReduction;Adiac;22;100;0.4578005115089514
INCEPTION;DiatomSizeReduction;Adiac;0;100;0.2531969309462916
INCEPTION;DiatomSizeReduction;Adiac;63;100;0.1969309462915601
CNN;DiatomSizeReduction;Adiac;0;1000;0.8363171355498721
CNN;DiatomSizeReduction;Adiac;11;1000;0.6214833759590793
RESNET;DiatomSizeReduction;Adiac;0;1000;0.8312020460358056
RESNET;DiatomSizeReduction;Adiac;37;1000;0.6419437340153452
ENCODER;DiatomSizeReduction;Adiac;0;1000;0.7851662404092071
ENCODER;DiatomSizeReduction;Adiac;22;1000;0.6035805626598465
INCEPTION;DiatomSizeReduction;Adiac;0;1000;0.8209718670076727
INCEPTION;DiatomSizeReduction;Adiac;63;1000;0.3887468030690537
CNN;FiftyWords;ArrowHead;0;100;0.7314285714285714
CNN;FiftyWords;ArrowHead;11;100;0.7085714285714285
RESNET;FiftyWords;ArrowHead;0;100;0.7885714285714286
RESNET;FiftyWords;ArrowHead;37;100;0.6285714285714286
ENCODER;FiftyWords;ArrowHead;0;100;0.8057142857142857
ENCODER;FiftyWords;ArrowHead;22;100;0.8171428571428572
INCEPTION;FiftyWords;ArrowHead;0;100;0.3028571428571429
INCEPTION;FiftyWords;ArrowHead;63;100;0.48
CNN;FiftyWords;ArrowHead;0;1000;0.8285714285714286
CNN;FiftyWords;ArrowHead;11;1000;0.7771428571428571
RESNET;FiftyWords;ArrowHead;0;1000;0.8457142857142858
RESNET;FiftyWords;ArrowHead;37;1000;0.7942857142857143
ENCODER;FiftyWords;ArrowHead;0;1000;0.8114285714285714
ENCODER;FiftyWords;ArrowHead;22;1000;0.7771428571428571
INCEPTION;FiftyWords;ArrowHead;0;1000;0.8457142857142858
INCEPTION;FiftyWords;ArrowHead;63;1000;0.7828571428571428
CNN;FiftyWords;Beef;0;100;0.4666666666666667
CNN;FiftyWords;Beef;11;100;0.36666666666666664
RESNET;FiftyWords;Beef;0;100;0.7333333333333333
RESNET;FiftyWords;Beef;37;100;0.43333333333333335
ENCODER;FiftyWords;Beef;0;100;0.8666666666666667
ENCODER;FiftyWords;Beef;22;100;0.6666666666666666
INCEPTION;FiftyWords;Beef;0;100;0.2
INCEPTION;FiftyWords;Beef;63;100;0.3333333333333333
CNN;FiftyWords;Beef;0;1000;0.7666666666666667
CNN;FiftyWords;Beef;11;1000;0.5666666666666667
RESNET;FiftyWords;Beef;0;1000;0.7
RESNET;FiftyWords;Beef;37;1000;0.7
ENCODER;FiftyWords;Beef;0;1000;0.9333333333333333
ENCODER;FiftyWords;Beef;22;1000;0.7666666666666667
INCEPTION;FiftyWords;Beef;0;1000;0.7
INCEPTION;FiftyWords;Beef;63;1000;0.5666666666666667
CNN;ShapesAll;BeetleFly;0;100;0.7
CNN;ShapesAll;BeetleFly;11;100;0.8
RESNET;ShapesAll;BeetleFly;0;100;0.5
RESNET;ShapesAll;BeetleFly;37;100;0.95
ENCODER;ShapesAll;BeetleFly;0;100;0.75
ENCODER;ShapesAll;BeetleFly;22;100;0.85
INCEPTION;ShapesAll;BeetleFly;0;100;0.9
INCEPTION;ShapesAll;BeetleFly;63;100;1.0
CNN;ShapesAll;BeetleFly;0;1000;0.85
CNN;ShapesAll;BeetleFly;11;1000;1.0
RESNET;ShapesAll;BeetleFly;0;1000;0.95
RESNET;ShapesAll;BeetleFly;37;1000;0.95
ENCODER;ShapesAll;BeetleFly;0;1000;0.65
ENCODER;ShapesAll;BeetleFly;22;1000;0.85
INCEPTION;ShapesAll;BeetleFly;0;1000;0.75
INCEPTION;ShapesAll;BeetleFly;63;1000;0.95
CNN;ShapesAll;BirdChicken;0;100;0.9
CNN;ShapesAll;BirdChicken;11;100;1.0
RESNET;ShapesAll;BirdChicken;0;100;0.9
RESNET;ShapesAll;BirdChicken;37;100;1.0
ENCODER;ShapesAll;BirdChicken;0;100;0.65
ENCODER;ShapesAll;BirdChicken;22;100;0.55
INCEPTION;ShapesAll;BirdChicken;0;100;0.85
INCEPTION;ShapesAll;BirdChicken;63;100;1.0
CNN;ShapesAll;BirdChicken;0;1000;0.9
CNN;ShapesAll;BirdChicken;11;1000;1.0
RESNET;ShapesAll;BirdChicken;0;1000;0.9
RESNET;ShapesAll;BirdChicken;37;1000;1.0
ENCODER;ShapesAll;BirdChicken;0;1000;0.6
ENCODER;ShapesAll;BirdChicken;22;1000;0.7
INCEPTION;ShapesAll;BirdChicken;0;1000;0.9
INCEPTION;ShapesAll;BirdChicken;63;1000;1.0
CNN;GunPoint;CBF;0;100;0.9677777777777777
CNN;GunPoint;CBF;11;100;0.5533333333333333
RESNET;GunPoint;CBF;0;100;0.9755555555555555
RESNET;GunPoint;CBF;37;100;0.7688888888888888
ENCODER;GunPoint;CBF;0;100;0.9788888888888889
ENCODER;GunPoint;CBF;22;100;0.8755555555555555
INCEPTION;GunPoint;CBF;0;100;0.92
INCEPTION;GunPoint;CBF;63;100;0.87
CNN;GunPoint;CBF;0;1000;0.9922222222222222
CNN;GunPoint;CBF;11;1000;0.8911111111111111
RESNET;GunPoint;CBF;0;1000;0.9988888888888889
RESNET;GunPoint;CBF;37;1000;0.96
ENCODER;GunPoint;CBF;0;1000;0.9677777777777777
ENCODER;GunPoint;CBF;22;1000;0.8777777777777778
INCEPTION;GunPoint;CBF;0;1000;0.9988888888888889
INCEPTION;GunPoint;CBF;63;1000;0.9733333333333334
CNN;ShapesAll;Car;0;100;0.21666666666666667
CNN;ShapesAll;Car;11;100;0.7666666666666667
RESNET;ShapesAll;Car;0;100;0.9166666666666666
RESNET;ShapesAll;Car;37;100;0.75
ENCODER;ShapesAll;Car;0;100;0.8
ENCODER;ShapesAll;Car;22;100;0.7333333333333333
INCEPTION;ShapesAll;Car;0;100;0.7
INCEPTION;ShapesAll;Car;63;100;0.6666666666666666
CNN;ShapesAll;Car;0;1000;0.8833333333333333
CNN;ShapesAll;Car;11;1000;0.8833333333333333
RESNET;ShapesAll;Car;0;1000;0.9333333333333333
RESNET;ShapesAll;Car;37;1000;0.85
ENCODER;ShapesAll;Car;0;1000;0.8
ENCODER;ShapesAll;Car;22;1000;0.7166666666666667
INCEPTION;ShapesAll;Car;0;1000;0.9
INCEPTION;ShapesAll;Car;63;1000;0.85
CNN;MedicalImages;ChlorineConcentration;0;100;0.29791666666666666
CNN;MedicalImages;ChlorineConcentration;11;100;0.5596354166666667
RESNET;MedicalImages;ChlorineConcentration;0;100;0.8182291666666667
RESNET;MedicalImages;ChlorineConcentration;37;100;0.5427083333333333
ENCODER;MedicalImages;ChlorineConcentration;0;100;0.80234375
ENCODER;MedicalImages;ChlorineConcentration;22;100;0.55859375
INCEPTION;MedicalImages;ChlorineConcentration;0;100;0.7575520833333333
INCEPTION;MedicalImages;ChlorineConcentration;63;100;0.5591145833333333
CNN;MedicalImages;ChlorineConcentration;0;1000;0.8234375
CNN;MedicalImages;ChlorineConcentration;11;1000;0.5643229166666667
RESNET;MedicalImages;ChlorineConcentration;0;1000;0.8606770833333334
RESNET;MedicalImages;ChlorineConcentration;37;1000;0.5619791666666667
ENCODER;MedicalImages;ChlorineConcentration;0;1000;0.8513020833333333
ENCODER;MedicalImages;ChlorineConcentration;22;1000;0.5994791666666667
INCEPTION;MedicalImages;ChlorineConcentration;0;1000;0.8575520833333333
INCEPTION;MedicalImages;ChlorineConcentration;63;1000;0.5614583333333333
CNN;CricketY;CinCECGTorso;0;100;0.372463768115942
CNN;CricketY;CinCECGTorso;11;100;0.4043478260869565
RESNET;CricketY;CinCECGTorso;0;100;0.7630434782608696
RESNET;CricketY;CinCECGTorso;37;100;0.34202898550724636
ENCODER;CricketY;CinCECGTorso;0;100;0.9159420289855073
ENCODER;CricketY;CinCECGTorso;22;100;0.8608695652173913
INCEPTION;CricketY;CinCECGTorso;0;100;0.26666666666666666
INCEPTION;CricketY;CinCECGTorso;63;100;0.38115942028985506
CNN;CricketY;CinCECGTorso;0;1000;0.8072463768115942
CNN;CricketY;CinCECGTorso;11;1000;0.5391304347826087
RESNET;CricketY;CinCECGTorso;0;1000;0.8818840579710145
RESNET;CricketY;CinCECGTorso;37;1000;0.5108695652173914
ENCODER;CricketY;CinCECGTorso;0;1000;0.9050724637681159
ENCODER;CricketY;CinCECGTorso;22;1000;0.8427536231884057
INCEPTION;CricketY;CinCECGTorso;0;1000;0.8427536231884057
INCEPTION;CricketY;CinCECGTorso;63;1000;0.5615942028985508
CNN;FiftyWords;Coffee;0;100;0.8214285714285714
CNN;FiftyWords;Coffee;11;100;1.0
RESNET;FiftyWords;Coffee;0;100;0.9642857142857143
RESNET;FiftyWords;Coffee;37;100;0.9285714285714286
ENCODER;FiftyWords;Coffee;0;100;1.0
ENCODER;FiftyWords;Coffee;22;100;1.0
INCEPTION;FiftyWords;Coffee;0;100;0.6071428571428571
INCEPTION;FiftyWords;Coffee;63;100;0.9642857142857143
CNN;FiftyWords;Coffee;0;1000;1.0
CNN;FiftyWords;Coffee;11;1000;1.0
RESNET;FiftyWords;Coffee;0;1000;1.0
RESNET;FiftyWords;Coffee;37;1000;1.0
ENCODER;FiftyWords;Coffee;0;1000;1.0
ENCODER;FiftyWords;Coffee;22;1000;1.0
INCEPTION;FiftyWords;Coffee;0;1000;1.0
INCEPTION;FiftyWords;Coffee;63;1000;1.0
CNN;InsectWingbeatSound;Computers;0;100;0.816
CNN;InsectWingbeatSound;Computers;11;100;0.736
RESNET;InsectWingbeatSound;Computers;0;100;0.58
RESNET;InsectWingbeatSound;Computers;37;100;0.752
ENCODER;InsectWingbeatSound;Computers;0;100;0.58
ENCODER;InsectWingbeatSound;Computers;22;100;0.568
INCEPTION;InsectWingbeatSound;Computers;0;100;0.788
INCEPTION;InsectWingbeatSound;Computers;63;100;0.7
CNN;InsectWingbeatSound;Computers;0;1000;0.804
CNN;InsectWingbeatSound;Computers;11;1000;0.8
RESNET;InsectWingbeatSound;Computers;0;1000;0.756
RESNET;InsectWingbeatSound;Computers;37;1000;0.788
ENCODER;InsectWingbeatSound;Computers;0;1000;0.584
ENCODER;InsectWingbeatSound;Computers;22;1000;0.56
INCEPTION;InsectWingbeatSound;Computers;0;1000;0.784
INCEPTION;InsectWingbeatSound;Computers;63;1000;0.736
CNN;CricketZ;CricketX;0;100;0.8205128205128205
CNN;CricketZ;CricketX;11;100;0.8897435897435897
RESNET;CricketZ;CricketX;0;100;0.8615384615384616
RESNET;CricketZ;CricketX;37;100;0.8769230769230769
ENCODER;CricketZ;CricketX;0;100;0.6333333333333333
ENCODER;CricketZ;CricketX;22;100;0.6923076923076923
INCEPTION;CricketZ;CricketX;0;100;0.7769230769230769
INCEPTION;CricketZ;CricketX;63;100;0.9025641025641026
CNN;CricketZ;CricketX;0;1000;0.8153846153846154
CNN;CricketZ;CricketX;11;1000;0.8717948717948718
RESNET;CricketZ;CricketX;0;1000;0.8384615384615385
RESNET;CricketZ;CricketX;37;1000;0.8743589743589744
ENCODER;CricketZ;CricketX;0;1000;0.676923076923077
ENCODER;CricketZ;CricketX;22;1000;0.7051282051282052
INCEPTION;CricketZ;CricketX;0;1000;0.8512820512820513
INCEPTION;CricketZ;CricketX;63;1000;0.9179487179487179
CNN;UWaveGestureLibraryY;CricketY;0;100;0.7666666666666667
CNN;UWaveGestureLibraryY;CricketY;11;100;0.4846153846153846
RESNET;UWaveGestureLibraryY;CricketY;0;100;0.7871794871794872
RESNET;UWaveGestureLibraryY;CricketY;37;100;0.4641025641025641
ENCODER;UWaveGestureLibraryY;CricketY;0;100;0.6435897435897436
ENCODER;UWaveGestureLibraryY;CricketY;22;100;0.5512820512820513
INCEPTION;UWaveGestureLibraryY;CricketY;0;100;0.8128205128205128
INCEPTION;UWaveGestureLibraryY;CricketY;63;100;0.4794871794871795
CNN;UWaveGestureLibraryY;CricketY;0;1000;0.7974358974358975
CNN;UWaveGestureLibraryY;CricketY;11;1000;0.6128205128205129
RESNET;UWaveGestureLibraryY;CricketY;0;1000;0.7846153846153846
RESNET;UWaveGestureLibraryY;CricketY;37;1000;0.5487179487179488
ENCODER;UWaveGestureLibraryY;CricketY;0;1000;0.6615384615384615
ENCODER;UWaveGestureLibraryY;CricketY;22;1000;0.5846153846153846
INCEPTION;UWaveGestureLibraryY;CricketY;0;1000;0.8435897435897436
INCEPTION;UWaveGestureLibraryY;CricketY;63;1000;0.6897435897435897
CNN;CricketX;CricketZ;0;100;0.8487179487179487
CNN;CricketX;CricketZ;11;100;0.882051282051282
RESNET;CricketX;CricketZ;0;100;0.8871794871794871
RESNET;CricketX;CricketZ;37;100;0.8948717948717949
ENCODER;CricketX;CricketZ;0;100;0.6743589743589744
ENCODER;CricketX;CricketZ;22;100;0.7
INCEPTION;CricketX;CricketZ;0;100;0.782051282051282
INCEPTION;CricketX;CricketZ;63;100;0.9256410256410257
CNN;CricketX;CricketZ;0;1000;0.8384615384615385
CNN;CricketX;CricketZ;11;1000;0.8564102564102564
RESNET;CricketX;CricketZ;0;1000;0.8564102564102564
RESNET;CricketX;CricketZ;37;1000;0.8871794871794871
ENCODER;CricketX;CricketZ;0;1000;0.6692307692307692
ENCODER;CricketX;CricketZ;22;1000;0.7282051282051282
INCEPTION;CricketX;CricketZ;0;1000;0.8538461538461538
INCEPTION;CricketX;CricketZ;63;1000;0.9256410256410257
CNN;ShapesAll;DiatomSizeReduction;0;100;0.6535947712418301
CNN;ShapesAll;DiatomSizeReduction;11;100;0.7124183006535948
RESNET;ShapesAll;DiatomSizeReduction;0;100;0.8888888888888888
RESNET;ShapesAll;DiatomSizeReduction;37;100;0.696078431372549
ENCODER;ShapesAll;DiatomSizeReduction;0;100;0.9738562091503268
ENCODER;ShapesAll;DiatomSizeReduction;22;100;0.9673202614379085
INCEPTION;ShapesAll;DiatomSizeReduction;0;100;0.6405228758169934
INCEPTION;ShapesAll;DiatomSizeReduction;63;100;0.761437908496732
CNN;ShapesAll;DiatomSizeReduction;0;1000;0.9019607843137255
CNN;ShapesAll;DiatomSizeReduction;11;1000;0.8986928104575164
RESNET;ShapesAll;DiatomSizeReduction;0;1000;0.934640522875817
RESNET;ShapesAll;DiatomSizeReduction;37;1000;0.9411764705882353
ENCODER;ShapesAll;DiatomSizeReduction;0;1000;0.9738562091503268
ENCODER;ShapesAll;DiatomSizeReduction;22;1000;0.9607843137254902
INCEPTION;ShapesAll;DiatomSizeReduction;0;1000;0.9313725490196079
INCEPTION;ShapesAll;DiatomSizeReduction;63;1000;0.8594771241830066
CNN;DistalPhalanxTW;DistalPhalanxOutlineAgeGroup;0;100;0.7194244604316546
CNN;DistalPhalanxTW;DistalPhalanxOutlineAgeGroup;11;100;0.7913669064748201
RESNET;DistalPhalanxTW;DistalPhalanxOutlineAgeGroup;0;100;0.7697841726618705
RESNET;DistalPhalanxTW;DistalPhalanxOutlineAgeGroup;37;100;0.7841726618705036
ENCODER;DistalPhalanxTW;DistalPhalanxOutlineAgeGroup;0;100;0.7338129496402878
ENCODER;DistalPhalanxTW;DistalPhalanxOutlineAgeGroup;22;100;0.7985611510791367
INCEPTION;DistalPhalanxTW;DistalPhalanxOutlineAgeGroup;0;100;0.6618705035971223
INCEPTION;DistalPhalanxTW;DistalPhalanxOutlineAgeGroup;63;100;0.7553956834532374
CNN;DistalPhalanxTW;DistalPhalanxOutlineAgeGroup;0;1000;0.7122302158273381
CNN;DistalPhalanxTW;DistalPhalanxOutlineAgeGroup;11;1000;0.7913669064748201
RESNET;DistalPhalanxTW;DistalPhalanxOutlineAgeGroup;0;1000;0.7553956834532374
RESNET;DistalPhalanxTW;DistalPhalanxOutlineAgeGroup;37;1000;0.762589928057554
ENCODER;DistalPhalanxTW;DistalPhalanxOutlineAgeGroup;0;1000;0.762589928057554
ENCODER;DistalPhalanxTW;DistalPhalanxOutlineAgeGroup;22;1000;0.7985611510791367
INCEPTION;DistalPhalanxTW;DistalPhalanxOutlineAgeGroup;0;1000;0.7194244604316546
INCEPTION;DistalPhalanxTW;DistalPhalanxOutlineAgeGroup;63;1000;0.7769784172661871
CNN;DistalPhalanxOutlineAgeGroup;DistalPhalanxOutlineCorrect;0;100;0.7427536231884058
CNN;DistalPhalanxOutlineAgeGroup;DistalPhalanxOutlineCorrect;11;100;0.7028985507246377
RESNET;DistalPhalanxOutlineAgeGroup;DistalPhalanxOutlineCorrect;0;100;0.7608695652173914
RESNET;DistalPhalanxOutlineAgeGroup;DistalPhalanxOutlineCorrect;37;100;0.7355072463768116
ENCODER;DistalPhalanxOutlineAgeGroup;DistalPhalanxOutlineCorrect;0;100;0.782608695652174
ENCODER;DistalPhalanxOutlineAgeGroup;DistalPhalanxOutlineCorrect;22;100;0.7463768115942029
INCEPTION;DistalPhalanxOutlineAgeGroup;DistalPhalanxOutlineCorrect;0;100;0.7753623188405797
INCEPTION;DistalPhalanxOutlineAgeGroup;DistalPhalanxOutlineCorrect;63;100;0.6630434782608695
CNN;DistalPhalanxOutlineAgeGroup;DistalPhalanxOutlineCorrect;0;1000;0.7644927536231884
CNN;DistalPhalanxOutlineAgeGroup;DistalPhalanxOutlineCorrect;11;1000;0.7934782608695652
RESNET;DistalPhalanxOutlineAgeGroup;DistalPhalanxOutlineCorrect;0;1000;0.7463768115942029
RESNET;DistalPhalanxOutlineAgeGroup;DistalPhalanxOutlineCorrect;37;1000;0.7536231884057971
ENCODER;DistalPhalanxOutlineAgeGroup;DistalPhalanxOutlineCorrect;0;1000;0.7753623188405797
ENCODER;DistalPhalanxOutlineAgeGroup;DistalPhalanxOutlineCorrect;22;1000;0.7789855072463768
INCEPTION;DistalPhalanxOutlineAgeGroup;DistalPhalanxOutlineCorrect;0;1000;0.7572463768115942
INCEPTION;DistalPhalanxOutlineAgeGroup;DistalPhalanxOutlineCorrect;63;1000;0.7753623188405797
CNN;MiddlePhalanxTW;DistalPhalanxTW;0;100;0.6690647482014388
CNN;MiddlePhalanxTW;DistalPhalanxTW;11;100;0.6330935251798561
RESNET;MiddlePhalanxTW;DistalPhalanxTW;0;100;0.6906474820143885
RESNET;MiddlePhalanxTW;DistalPhalanxTW;37;100;0.6402877697841727
ENCODER;MiddlePhalanxTW;DistalPhalanxTW;0;100;0.6330935251798561
ENCODER;MiddlePhalanxTW;DistalPhalanxTW;22;100;0.6474820143884892
INCEPTION;MiddlePhalanxTW;DistalPhalanxTW;0;100;0.6690647482014388
INCEPTION;MiddlePhalanxTW;DistalPhalanxTW;63;100;0.6330935251798561
CNN;MiddlePhalanxTW;DistalPhalanxTW;0;1000;0.7050359712230215
CNN;MiddlePhalanxTW;DistalPhalanxTW;11;1000;0.6906474820143885
RESNET;MiddlePhalanxTW;DistalPhalanxTW;0;1000;0.697841726618705
RESNET;MiddlePhalanxTW;DistalPhalanxTW;37;1000;0.6330935251798561
ENCODER;MiddlePhalanxTW;DistalPhalanxTW;0;1000;0.6474820143884892
ENCODER;MiddlePhalanxTW;DistalPhalanxTW;22;1000;0.6546762589928058
INCEPTION;MiddlePhalanxTW;DistalPhalanxTW;0;1000;0.6762589928057554
INCEPTION;MiddlePhalanxTW;DistalPhalanxTW;63;1000;0.6402877697841727
CNN;UWaveGestureLibraryZ;ECG200;0;100;0.88
CNN;UWaveGestureLibraryZ;ECG200;11;100;0.79
RESNET;UWaveGestureLibraryZ;ECG200;0;100;0.9
RESNET;UWaveGestureLibraryZ;ECG200;37;100;0.8
ENCODER;UWaveGestureLibraryZ;ECG200;0;100;0.89
ENCODER;UWaveGestureLibraryZ;ECG200;22;100;0.91
INCEPTION;UWaveGestureLibraryZ;ECG200;0;100;0.93
INCEPTION;UWaveGestureLibraryZ;ECG200;63;100;0.78
CNN;UWaveGestureLibraryZ;ECG200;0;1000;0.91
CNN;UWaveGestureLibraryZ;ECG200;11;1000;0.87
RESNET;UWaveGestureLibraryZ;ECG200;0;1000;0.9
RESNET;UWaveGestureLibraryZ;ECG200;37;1000;0.83
ENCODER;UWaveGestureLibraryZ;ECG200;0;1000;0.92
ENCODER;UWaveGestureLibraryZ;ECG200;22;1000;0.93
INCEPTION;UWaveGestureLibraryZ;ECG200;0;1000;0.91
INCEPTION;UWaveGestureLibraryZ;ECG200;63;1000;0.82
CNN;CricketY;ECG5000;0;100;0.9415555555555556
CNN;CricketY;ECG5000;11;100;0.9346666666666666
RESNET;CricketY;ECG5000;0;100;0.9313333333333333
RESNET;CricketY;ECG5000;37;100;0.934
ENCODER;CricketY;ECG5000;0;100;0.9408888888888889
ENCODER;CricketY;ECG5000;22;100;0.9375555555555556
INCEPTION;CricketY;ECG5000;0;100;0.9353333333333333
INCEPTION;CricketY;ECG5000;63;100;0.93
CNN;CricketY;ECG5000;0;1000;0.9411111111111111
CNN;CricketY;ECG5000;11;1000;0.9353333333333333
RESNET;CricketY;ECG5000;0;1000;0.9353333333333333
RESNET;CricketY;ECG5000;37;1000;0.9277777777777778
ENCODER;CricketY;ECG5000;0;1000;0.9388888888888889
ENCODER;CricketY;ECG5000;22;1000;0.9375555555555556
INCEPTION;CricketY;ECG5000;0;1000;0.9391111111111111
INCEPTION;CricketY;ECG5000;63;1000;0.9375555555555556
CNN;ECG5000;ECGFiveDays;0;100;0.6538908246225319
CNN;ECG5000;ECGFiveDays;11;100;0.6016260162601627
RESNET;ECG5000;ECGFiveDays;0;100;0.9767711962833914
RESNET;ECG5000;ECGFiveDays;37;100;0.7119628339140535
ENCODER;ECG5000;ECGFiveDays;0;100;1.0
ENCODER;ECG5000;ECGFiveDays;22;100;0.9930313588850174
INCEPTION;ECG5000;ECGFiveDays;0;100;1.0
INCEPTION;ECG5000;ECGFiveDays;63;100;0.8060394889663183
CNN;ECG5000;ECGFiveDays;0;1000;0.9907084785133565
CNN;ECG5000;ECGFiveDays;11;1000;0.7642276422764228
RESNET;ECG5000;ECGFiveDays;0;1000;0.9976771196283392
RESNET;ECG5000;ECGFiveDays;37;1000;0.8966318234610917
ENCODER;ECG5000;ECGFiveDays;0;1000;1.0
ENCODER;ECG5000;ECGFiveDays;22;1000;0.9907084785133565
INCEPTION;ECG5000;ECGFiveDays;0;1000;1.0
INCEPTION;ECG5000;ECGFiveDays;63;1000;0.8722415795586528
CNN;RefrigerationDevices;Earthquakes;0;100;0.7482014388489209
CNN;RefrigerationDevices;Earthquakes;11;100;0.7482014388489209
RESNET;RefrigerationDevices;Earthquakes;0;100;0.7553956834532374
RESNET;RefrigerationDevices;Earthquakes;37;100;0.7410071942446043
ENCODER;RefrigerationDevices;Earthquakes;0;100;0.7482014388489209
ENCODER;RefrigerationDevices;Earthquakes;22;100;0.7194244604316546
INCEPTION;RefrigerationDevices;Earthquakes;0;100;0.7482014388489209
INCEPTION;RefrigerationDevices;Earthquakes;63;100;0.7482014388489209
CNN;RefrigerationDevices;Earthquakes;0;1000;0.7122302158273381
CNN;RefrigerationDevices;Earthquakes;11;1000;0.7482014388489209
RESNET;RefrigerationDevices;Earthquakes;0;1000;0.7338129496402878
RESNET;RefrigerationDevices;Earthquakes;37;1000;0.7410071942446043
ENCODER;RefrigerationDevices;Earthquakes;0;1000;0.7338129496402878
ENCODER;RefrigerationDevices;Earthquakes;22;1000;0.7266187050359713
INCEPTION;RefrigerationDevices;Earthquakes;0;1000;0.6690647482014388
INCEPTION;RefrigerationDevices;Earthquakes;63;1000;0.7482014388489209
CNN;MedicalImages;ElectricDevices;0;100;0.7019841784463753
CNN;MedicalImages;ElectricDevices;11;100;0.6038127350538193
RESNET;MedicalImages;ElectricDevices;0;100;0.7286992607962651
RESNET;MedicalImages;ElectricDevices;37;100;0.6322137206587991
ENCODER;MedicalImages;ElectricDevices;0;100;0.6842173518350408
ENCODER;MedicalImages;ElectricDevices;22;100;0.6073142264297756
INCEPTION;MedicalImages;ElectricDevices;0;100;0.6760472052911425
INCEPTION;MedicalImages;ElectricDevices;63;100;0.624173258980677
CNN;MedicalImages;ElectricDevices;0;1000;0.705745039553884
CNN;MedicalImages;ElectricDevices;11;1000;0.6973155232784334
RESNET;MedicalImages;ElectricDevices;0;1000;0.7500972636493322
RESNET;MedicalImages;ElectricDevices;37;1000;0.6564647905589418
ENCODER;MedicalImages;ElectricDevices;0;1000;0.6849954610296979
ENCODER;MedicalImages;ElectricDevices;22;1000;0.6507586564647906
INCEPTION;MedicalImages;ElectricDevices;0;1000;0.7124886525742445
INCEPTION;MedicalImages;ElectricDevices;63;1000;0.6385682790818311
CNN;ShapesAll;Fish;0;100;0.3142857142857143
CNN;ShapesAll;Fish;11;100;0.7942857142857143
RESNET;ShapesAll;Fish;0;100;0.9771428571428571
RESNET;ShapesAll;Fish;37;100;0.88
ENCODER;ShapesAll;Fish;0;100;0.8514285714285714
ENCODER;ShapesAll;Fish;22;100;0.8171428571428572
INCEPTION;ShapesAll;Fish;0;100;0.9771428571428571
INCEPTION;ShapesAll;Fish;63;100;0.8514285714285714
CNN;ShapesAll;Fish;0;1000;0.96
CNN;ShapesAll;Fish;11;1000;0.8971428571428571
RESNET;ShapesAll;Fish;0;1000;0.9771428571428571
RESNET;ShapesAll;Fish;37;1000;0.9428571428571428
ENCODER;ShapesAll;Fish;0;1000;0.9085714285714286
ENCODER;ShapesAll;Fish;22;1000;0.8457142857142858
INCEPTION;ShapesAll;Fish;0;1000;0.9828571428571429
INCEPTION;ShapesAll;Fish;63;1000;0.92
CNN;SyntheticControl;FaceAll;0;100;0.91301775147929
CNN;SyntheticControl;FaceAll;11;100;0.5816568047337278
RESNET;SyntheticControl;FaceAll;0;100;0.857396449704142
RESNET;SyntheticControl;FaceAll;37;100;0.7071005917159763
ENCODER;SyntheticControl;FaceAll;0;100;0.7733727810650888
ENCODER;SyntheticControl;FaceAll;22;100;0.7804733727810651
INCEPTION;SyntheticControl;FaceAll;0;100;0.7822485207100591
INCEPTION;SyntheticControl;FaceAll;63;100;0.5857988165680473
CNN;SyntheticControl;FaceAll;0;1000;0.927810650887574
CNN;SyntheticControl;FaceAll;11;1000;0.6822485207100591
RESNET;SyntheticControl;FaceAll;0;1000;0.8301775147928994
RESNET;SyntheticControl;FaceAll;37;1000;0.8461538461538461
ENCODER;SyntheticControl;FaceAll;0;1000;0.7840236686390533
ENCODER;SyntheticControl;FaceAll;22;1000;0.7822485207100591
INCEPTION;SyntheticControl;FaceAll;0;1000;0.8088757396449704
INCEPTION;SyntheticControl;FaceAll;63;1000;0.7307692307692307
CNN;ShapesAll;FaceFour;0;100;0.5681818181818182
CNN;ShapesAll;FaceFour;11;100;0.3522727272727273
RESNET;ShapesAll;FaceFour;0;100;0.9545454545454546
RESNET;ShapesAll;FaceFour;37;100;0.625
ENCODER;ShapesAll;FaceFour;0;100;0.8636363636363636
ENCODER;ShapesAll;FaceFour;22;100;0.8636363636363636
INCEPTION;ShapesAll;FaceFour;0;100;0.8295454545454546
INCEPTION;ShapesAll;FaceFour;63;100;0.5454545454545454
CNN;ShapesAll;FaceFour;0;1000;0.9204545454545454
CNN;ShapesAll;FaceFour;11;1000;0.6704545454545454
RESNET;ShapesAll;FaceFour;0;1000;0.9545454545454546
RESNET;ShapesAll;FaceFour;37;1000;0.7272727272727273
ENCODER;ShapesAll;FaceFour;0;1000;0.8636363636363636
ENCODER;ShapesAll;FaceFour;22;1000;0.8636363636363636
INCEPTION;ShapesAll;FaceFour;0;1000;0.9545454545454546
INCEPTION;ShapesAll;FaceFour;63;1000;0.7045454545454546
CNN;SyntheticControl;FacesUCR;0;100;0.9307317073170732
CNN;SyntheticControl;FacesUCR;11;100;0.5029268292682927
RESNET;SyntheticControl;FacesUCR;0;100;0.9526829268292683
RESNET;SyntheticControl;FacesUCR;37;100;0.7360975609756097
ENCODER;SyntheticControl;FacesUCR;0;100;0.9097560975609756
ENCODER;SyntheticControl;FacesUCR;22;100;0.8897560975609756
INCEPTION;SyntheticControl;FacesUCR;0;100;0.9473170731707317
INCEPTION;SyntheticControl;FacesUCR;63;100;0.4721951219512195
CNN;SyntheticControl;FacesUCR;0;1000;0.9478048780487804
CNN;SyntheticControl;FacesUCR;11;1000;0.7546341463414634
RESNET;SyntheticControl;FacesUCR;0;1000;0.9541463414634146
RESNET;SyntheticControl;FacesUCR;37;1000;0.8458536585365853
ENCODER;SyntheticControl;FacesUCR;0;1000;0.9126829268292683
ENCODER;SyntheticControl;FacesUCR;22;1000;0.8995121951219512
INCEPTION;SyntheticControl;FacesUCR;0;1000;0.9653658536585366
INCEPTION;SyntheticControl;FacesUCR;63;1000;0.8063414634146342
CNN;FordB;FordA;0;100;0.9090909090909091
CNN;FordB;FordA;11;100;0.896969696969697
RESNET;FordB;FordA;0;100;0.9424242424242424
RESNET;FordB;FordA;37;100;0.9265151515151515
ENCODER;FordB;FordA;0;100;0.9409090909090909
ENCODER;FordB;FordA;22;100;0.9121212121212121
INCEPTION;FordB;FordA;0;100;0.9568181818181818
INCEPTION;FordB;FordA;63;100;0.9401515151515152
CNN;FordB;FordA;0;1000;0.9204545454545454
CNN;FordB;FordA;11;1000;0.9136363636363637
RESNET;FordB;FordA;0;1000;0.9393939393939394
RESNET;FordB;FordA;37;1000;0.9265151515151515
ENCODER;FordB;FordA;0;1000;0.9424242424242424
ENCODER;FordB;FordA;22;1000;0.9136363636363637
INCEPTION;FordB;FordA;0;1000;0.9583333333333334
INCEPTION;FordB;FordA;63;1000;0.9424242424242424
CNN;FordA;FordB;0;100;0.7432098765432099
CNN;FordA;FordB;11;100;0.7691358024691358
RESNET;FordA;FordB;0;100;0.8049382716049382
RESNET;FordA;FordB;37;100;0.7950617283950617
ENCODER;FordA;FordB;0;100;0.7987654320987654
ENCODER;FordA;FordB;22;100;0.7617283950617284
INCEPTION;FordA;FordB;0;100;0.8555555555555555
INCEPTION;FordA;FordB;63;100;0.8197530864197531
CNN;FordA;FordB;0;1000;0.7901234567901234
CNN;FordA;FordB;11;1000;0.7728395061728395
RESNET;FordA;FordB;0;1000;0.8098765432098766
RESNET;FordA;FordB;37;1000;0.8148148148148148
ENCODER;FordA;FordB;0;1000;0.8012345679012346
ENCODER;FordA;FordB;22;1000;0.7604938271604939
INCEPTION;FordA;FordB;0;1000;0.8555555555555555
INCEPTION;FordA;FordB;63;1000;0.8123456790123457
CNN;UWaveGestureLibraryY;GunPoint;0;100;0.98
CNN;UWaveGestureLibraryY;GunPoint;11;100;0.9533333333333334
RESNET;UWaveGestureLibraryY;GunPoint;0;100;1.0
RESNET;UWaveGestureLibraryY;GunPoint;37;100;0.98
ENCODER;UWaveGestureLibraryY;GunPoint;0;100;0.98
ENCODER;UWaveGestureLibraryY;GunPoint;22;100;0.9533333333333334
INCEPTION;UWaveGestureLibraryY;GunPoint;0;100;0.56
INCEPTION;UWaveGestureLibraryY;GunPoint;63;100;0.8933333333333333
CNN;UWaveGestureLibraryY;GunPoint;0;1000;1.0
CNN;UWaveGestureLibraryY;GunPoint;11;1000;0.9733333333333334
RESNET;UWaveGestureLibraryY;GunPoint;0;1000;1.0
RESNET;UWaveGestureLibraryY;GunPoint;37;1000;0.9933333333333333
ENCODER;UWaveGestureLibraryY;GunPoint;0;1000;0.98
ENCODER;UWaveGestureLibraryY;GunPoint;22;1000;0.96
INCEPTION;UWaveGestureLibraryY;GunPoint;0;1000;0.9866666666666667
INCEPTION;UWaveGestureLibraryY;GunPoint;63;1000;0.9866666666666667
CNN;WordSynonyms;Ham;0;100;0.5428571428571428
CNN;WordSynonyms;Ham;11;100;0.638095238095238
RESNET;WordSynonyms;Ham;0;100;0.7714285714285715
RESNET;WordSynonyms;Ham;37;100;0.638095238095238
ENCODER;WordSynonyms;Ham;0;100;0.6857142857142857
ENCODER;WordSynonyms;Ham;22;100;0.6857142857142857
INCEPTION;WordSynonyms;Ham;0;100;0.7714285714285715
INCEPTION;WordSynonyms;Ham;63;100;0.7428571428571429
CNN;WordSynonyms;Ham;0;1000;0.7619047619047619
CNN;WordSynonyms;Ham;11;1000;0.6571428571428571
RESNET;WordSynonyms;Ham;0;1000;0.8380952380952381
RESNET;WordSynonyms;Ham;37;1000;0.6952380952380952
ENCODER;WordSynonyms;Ham;0;1000;0.7238095238095238
ENCODER;WordSynonyms;Ham;22;1000;0.6952380952380952
INCEPTION;WordSynonyms;Ham;0;1000;0.6952380952380952
INCEPTION;WordSynonyms;Ham;63;1000;0.780952380952381
CNN;FiftyWords;HandOutlines;0;100;0.572972972972973
CNN;FiftyWords;HandOutlines;11;100;0.6675675675675675
RESNET;FiftyWords;HandOutlines;0;100;0.8837837837837837
RESNET;FiftyWords;HandOutlines;37;100;0.6756756756756757
ENCODER;FiftyWords;HandOutlines;0;100;0.8837837837837837
ENCODER;FiftyWords;HandOutlines;22;100;0.8918918918918919
INCEPTION;FiftyWords;HandOutlines;0;100;0.6864864864864865
INCEPTION;FiftyWords;HandOutlines;63;100;0.6459459459459459
CNN;FiftyWords;HandOutlines;0;1000;0.7432432432432432
CNN;FiftyWords;HandOutlines;11;1000;0.7135135135135136
RESNET;FiftyWords;HandOutlines;0;1000;0.9324324324324325
RESNET;FiftyWords;HandOutlines;37;1000;0.6945945945945946
ENCODER;FiftyWords;HandOutlines;0;1000;0.9
ENCODER;FiftyWords;HandOutlines;22;1000;0.8837837837837837
INCEPTION;FiftyWords;HandOutlines;0;1000;0.9459459459459459
INCEPTION;FiftyWords;HandOutlines;63;1000;0.7108108108108108
CNN;WordSynonyms;Haptics;0;100;0.2597402597402597
CNN;WordSynonyms;Haptics;11;100;0.34415584415584416
RESNET;WordSynonyms;Haptics;0;100;0.5194805194805194
RESNET;WordSynonyms;Haptics;37;100;0.36363636363636365
ENCODER;WordSynonyms;Haptics;0;100;0.39935064935064934
ENCODER;WordSynonyms;Haptics;22;100;0.4675324675324675
INCEPTION;WordSynonyms;Haptics;0;100;0.44155844155844154
INCEPTION;WordSynonyms;Haptics;63;100;0.31493506493506496
CNN;WordSynonyms;Haptics;0;1000;0.487012987012987
CNN;WordSynonyms;Haptics;11;1000;0.42857142857142855
RESNET;WordSynonyms;Haptics;0;1000;0.5487012987012987
RESNET;WordSynonyms;Haptics;37;1000;0.4090909090909091
ENCODER;WordSynonyms;Haptics;0;1000;0.4025974025974026
ENCODER;WordSynonyms;Haptics;22;1000;0.4577922077922078
INCEPTION;WordSynonyms;Haptics;0;1000;0.538961038961039
INCEPTION;WordSynonyms;Haptics;63;1000;0.41233766233766234
CNN;Fish;Herring;0;100;0.40625
CNN;Fish;Herring;11;100;0.640625
RESNET;Fish;Herring;0;100;0.640625
RESNET;Fish;Herring;37;100;0.6875
ENCODER;Fish;Herring;0;100;0.546875
ENCODER;Fish;Herring;22;100;0.53125
INCEPTION;Fish;Herring;0;100;0.546875
INCEPTION;Fish;Herring;63;100;0.625
CNN;Fish;Herring;0;1000;0.625
CNN;Fish;Herring;11;1000;0.65625
RESNET;Fish;Herring;0;1000;0.671875
RESNET;Fish;Herring;37;1000;0.671875
ENCODER;Fish;Herring;0;1000;0.53125
ENCODER;Fish;Herring;22;1000;0.515625
INCEPTION;Fish;Herring;0;1000;0.734375
INCEPTION;Fish;Herring;63;1000;0.703125
CNN;ShapesAll;InlineSkate;0;100;0.16727272727272727
CNN;ShapesAll;InlineSkate;11;100;0.27090909090909093
RESNET;ShapesAll;InlineSkate;0;100;0.3236363636363636
RESNET;ShapesAll;InlineSkate;37;100;0.29818181818181816
ENCODER;ShapesAll;InlineSkate;0;100;0.2581818181818182
ENCODER;ShapesAll;InlineSkate;22;100;0.21818181818181817
INCEPTION;ShapesAll;InlineSkate;0;100;0.17454545454545456
INCEPTION;ShapesAll;InlineSkate;63;100;0.23636363636363636
CNN;ShapesAll;InlineSkate;0;1000;0.34
CNN;ShapesAll;InlineSkate;11;1000;0.31636363636363635
RESNET;ShapesAll;InlineSkate;0;1000;0.37272727272727274
RESNET;ShapesAll;InlineSkate;37;1000;0.33454545454545453
ENCODER;ShapesAll;InlineSkate;0;1000;0.26545454545454544
ENCODER;ShapesAll;InlineSkate;22;1000;0.24181818181818182
INCEPTION;ShapesAll;InlineSkate;0;1000;0.47454545454545455
INCEPTION;ShapesAll;InlineSkate;63;1000;0.31636363636363635
CNN;StarLightCurves;InsectWingbeatSound;0;100;0.3691919191919192
CNN;StarLightCurves;InsectWingbeatSound;11;100;0.28484848484848485
RESNET;StarLightCurves;InsectWingbeatSound;0;100;0.47929292929292927
RESNET;StarLightCurves;InsectWingbeatSound;37;100;0.3429292929292929
ENCODER;StarLightCurves;InsectWingbeatSound;0;100;0.6287878787878788
ENCODER;StarLightCurves;InsectWingbeatSound;22;100;0.6222222222222222
INCEPTION;StarLightCurves;InsectWingbeatSound;0;100;0.5974747474747475
INCEPTION;StarLightCurves;InsectWingbeatSound;63;100;0.49292929292929294
CNN;StarLightCurves;InsectWingbeatSound;0;1000;0.39090909090909093
CNN;StarLightCurves;InsectWingbeatSound;11;1000;0.3515151515151515
RESNET;StarLightCurves;InsectWingbeatSound;0;1000;0.47373737373737373
RESNET;StarLightCurves;InsectWingbeatSound;37;1000;0.42323232323232324
ENCODER;StarLightCurves;InsectWingbeatSound;0;1000;0.6434343434343435
ENCODER;StarLightCurves;InsectWingbeatSound;22;1000;0.6176767676767677
INCEPTION;StarLightCurves;InsectWingbeatSound;0;1000;0.6237373737373737
INCEPTION;StarLightCurves;InsectWingbeatSound;63;1000;0.5868686868686869
CNN;Trace;ItalyPowerDemand;0;100;0.9630709426627794
CNN;Trace;ItalyPowerDemand;11;100;0.8950437317784257
RESNET;Trace;ItalyPowerDemand;0;100;0.9620991253644315
RESNET;Trace;ItalyPowerDemand;37;100;0.93488824101069
ENCODER;Trace;ItalyPowerDemand;0;100;0.9552964042759962
ENCODER;Trace;ItalyPowerDemand;22;100;0.9659863945578231
INCEPTION;Trace;ItalyPowerDemand;0;100;0.966958211856171
INCEPTION;Trace;ItalyPowerDemand;63;100;0.750242954324587
CNN;Trace;ItalyPowerDemand;0;1000;0.9601554907677357
CNN;Trace;ItalyPowerDemand;11;1000;0.9455782312925171
RESNET;Trace;ItalyPowerDemand;0;1000;0.9552964042759962
RESNET;Trace;ItalyPowerDemand;37;1000;0.9582118561710399
ENCODER;Trace;ItalyPowerDemand;0;1000;0.9611273080660836
ENCODER;Trace;ItalyPowerDemand;22;1000;0.966958211856171
INCEPTION;Trace;ItalyPowerDemand;0;1000;0.9591836734693877
INCEPTION;Trace;ItalyPowerDemand;63;1000;0.9455782312925171
CNN;Lightning7;LargeKitchenAppliances;0;100;0.8906666666666667
CNN;Lightning7;LargeKitchenAppliances;11;100;0.7333333333333333
RESNET;Lightning7;LargeKitchenAppliances;0;100;0.8933333333333333
RESNET;Lightning7;LargeKitchenAppliances;37;100;0.7706666666666667
ENCODER;Lightning7;LargeKitchenAppliances;0;100;0.5626666666666666
ENCODER;Lightning7;LargeKitchenAppliances;22;100;0.45066666666666666
INCEPTION;Lightning7;LargeKitchenAppliances;0;100;0.8853333333333333
INCEPTION;Lightning7;LargeKitchenAppliances;63;100;0.752
CNN;Lightning7;LargeKitchenAppliances;0;1000;0.8933333333333333
CNN;Lightning7;LargeKitchenAppliances;11;1000;0.776
RESNET;Lightning7;LargeKitchenAppliances;0;1000;0.9093333333333333
RESNET;Lightning7;LargeKitchenAppliances;37;1000;0.8373333333333334
ENCODER;Lightning7;LargeKitchenAppliances;0;1000;0.6213333333333333
ENCODER;Lightning7;LargeKitchenAppliances;22;1000;0.4533333333333333
INCEPTION;Lightning7;LargeKitchenAppliances;0;1000;0.896
INCEPTION;Lightning7;LargeKitchenAppliances;63;1000;0.8373333333333334
CNN;Lightning7;Lightning2;0;100;0.6557377049180327
CNN;Lightning7;Lightning2;11;100;0.7213114754098361
RESNET;Lightning7;Lightning2;0;100;0.7868852459016393
RESNET;Lightning7;Lightning2;37;100;0.8360655737704918
ENCODER;Lightning7;Lightning2;0;100;0.6721311475409836
ENCODER;Lightning7;Lightning2;22;100;0.5737704918032787
INCEPTION;Lightning7;Lightning2;0;100;0.8524590163934426
INCEPTION;Lightning7;Lightning2;63;100;0.7868852459016393
CNN;Lightning7;Lightning2;0;1000;0.7377049180327869
CNN;Lightning7;Lightning2;11;1000;0.7704918032786885
RESNET;Lightning7;Lightning2;0;1000;0.8032786885245902
RESNET;Lightning7;Lightning2;37;1000;0.819672131147541
ENCODER;Lightning7;Lightning2;0;1000;0.7213114754098361
ENCODER;Lightning7;Lightning2;22;1000;0.6229508196721312
INCEPTION;Lightning7;Lightning2;0;1000;0.8360655737704918
INCEPTION;Lightning7;Lightning2;63;1000;0.8360655737704918
CNN;FiftyWords;Lightning7;0;100;0.7808219178082192
CNN;FiftyWords;Lightning7;11;100;0.5753424657534246
RESNET;FiftyWords;Lightning7;0;100;0.821917808219178
RESNET;FiftyWords;Lightning7;37;100;0.6575342465753424
ENCODER;FiftyWords;Lightning7;0;100;0.6164383561643836
ENCODER;FiftyWords;Lightning7;22;100;0.6164383561643836
INCEPTION;FiftyWords;Lightning7;0;100;0.6438356164383562
INCEPTION;FiftyWords;Lightning7;63;100;0.6301369863013698
CNN;FiftyWords;Lightning7;0;1000;0.863013698630137
CNN;FiftyWords;Lightning7;11;1000;0.6164383561643836
RESNET;FiftyWords;Lightning7;0;1000;0.821917808219178
RESNET;FiftyWords;Lightning7;37;1000;0.7808219178082192
ENCODER;FiftyWords;Lightning7;0;1000;0.6164383561643836
ENCODER;FiftyWords;Lightning7;22;1000;0.5753424657534246
INCEPTION;FiftyWords;Lightning7;0;1000;0.8082191780821918
INCEPTION;FiftyWords;Lightning7;63;1000;0.7123287671232876
CNN;WordSynonyms;Mallat;0;100;0.8332622601279318
CNN;WordSynonyms;Mallat;11;100;0.5513859275053304
RESNET;WordSynonyms;Mallat;0;100;0.9547974413646055
RESNET;WordSynonyms;Mallat;37;100;0.7113006396588486
ENCODER;WordSynonyms;Mallat;0;100;0.8997867803837953
ENCODER;WordSynonyms;Mallat;22;100;0.8409381663113007
INCEPTION;WordSynonyms;Mallat;0;100;0.33304904051172707
INCEPTION;WordSynonyms;Mallat;63;100;0.41321961620469083
CNN;WordSynonyms;Mallat;0;1000;0.9680170575692963
CNN;WordSynonyms;Mallat;11;1000;0.8865671641791045
RESNET;WordSynonyms;Mallat;0;1000;0.9654584221748401
RESNET;WordSynonyms;Mallat;37;1000;0.9138592750533049
ENCODER;WordSynonyms;Mallat;0;1000;0.9347547974413646
ENCODER;WordSynonyms;Mallat;22;1000;0.8695095948827292
INCEPTION;WordSynonyms;Mallat;0;1000;0.9462686567164179
INCEPTION;WordSynonyms;Mallat;63;1000;0.9147121535181236
CNN;Strawberry;Meat;0;100;0.3333333333333333
CNN;Strawberry;Meat;11;100;0.3333333333333333
RESNET;Strawberry;Meat;0;100;0.9166666666666666
RESNET;Strawberry;Meat;37;100;0.8
ENCODER;Strawberry;Meat;0;100;0.8833333333333333
ENCODER;Strawberry;Meat;22;100;0.8333333333333334
INCEPTION;Strawberry;Meat;0;100;0.3333333333333333
INCEPTION;Strawberry;Meat;63;100;0.36666666666666664
CNN;Strawberry;Meat;0;1000;0.95
CNN;Strawberry;Meat;11;1000;0.4
RESNET;Strawberry;Meat;0;1000;0.9666666666666667
RESNET;Strawberry;Meat;37;1000;0.8666666666666667
ENCODER;Strawberry;Meat;0;1000;0.8833333333333333
ENCODER;Strawberry;Meat;22;1000;0.85
INCEPTION;Strawberry;Meat;0;1000;0.9666666666666667
INCEPTION;Strawberry;Meat;63;1000;0.7166666666666667
CNN;PhalangesOutlinesCorrect;MedicalImages;0;100;0.7552631578947369
CNN;PhalangesOutlinesCorrect;MedicalImages;11;100;0.6236842105263158
RESNET;PhalangesOutlinesCorrect;MedicalImages;0;100;0.7381578947368421
RESNET;PhalangesOutlinesCorrect;MedicalImages;37;100;0.6263157894736842
ENCODER;PhalangesOutlinesCorrect;MedicalImages;0;100;0.7302631578947368
ENCODER;PhalangesOutlinesCorrect;MedicalImages;22;100;0.675
INCEPTION;PhalangesOutlinesCorrect;MedicalImages;0;100;0.7289473684210527
INCEPTION;PhalangesOutlinesCorrect;MedicalImages;63;100;0.5644736842105263
CNN;PhalangesOutlinesCorrect;MedicalImages;0;1000;0.7776315789473685
CNN;PhalangesOutlinesCorrect;MedicalImages;11;1000;0.6657894736842105
RESNET;PhalangesOutlinesCorrect;MedicalImages;0;1000;0.7526315789473684
RESNET;PhalangesOutlinesCorrect;MedicalImages;37;1000;0.7171052631578947
ENCODER;PhalangesOutlinesCorrect;MedicalImages;0;1000;0.7381578947368421
ENCODER;PhalangesOutlinesCorrect;MedicalImages;22;1000;0.7105263157894737
INCEPTION;PhalangesOutlinesCorrect;MedicalImages;0;1000;0.7460526315789474
INCEPTION;PhalangesOutlinesCorrect;MedicalImages;63;1000;0.6789473684210526
CNN;MiddlePhalanxTW;MiddlePhalanxOutlineAgeGroup;0;100;0.6038961038961039
CNN;MiddlePhalanxTW;MiddlePhalanxOutlineAgeGroup;11;100;0.7662337662337663
RESNET;MiddlePhalanxTW;MiddlePhalanxOutlineAgeGroup;0;100;0.6363636363636364
RESNET;MiddlePhalanxTW;MiddlePhalanxOutlineAgeGroup;37;100;0.7597402597402597
ENCODER;MiddlePhalanxTW;MiddlePhalanxOutlineAgeGroup;0;100;0.5974025974025974
ENCODER;MiddlePhalanxTW;MiddlePhalanxOutlineAgeGroup;22;100;0.5
INCEPTION;MiddlePhalanxTW;MiddlePhalanxOutlineAgeGroup;0;100;0.5844155844155844
INCEPTION;MiddlePhalanxTW;MiddlePhalanxOutlineAgeGroup;63;100;0.7532467532467533
CNN;MiddlePhalanxTW;MiddlePhalanxOutlineAgeGroup;0;1000;0.5909090909090909
CNN;MiddlePhalanxTW;MiddlePhalanxOutlineAgeGroup;11;1000;0.7597402597402597
RESNET;MiddlePhalanxTW;MiddlePhalanxOutlineAgeGroup;0;1000;0.5584415584415584
RESNET;MiddlePhalanxTW;MiddlePhalanxOutlineAgeGroup;37;1000;0.7662337662337663
ENCODER;MiddlePhalanxTW;MiddlePhalanxOutlineAgeGroup;0;1000;0.5844155844155844
ENCODER;MiddlePhalanxTW;MiddlePhalanxOutlineAgeGroup;22;1000;0.5844155844155844
INCEPTION;MiddlePhalanxTW;MiddlePhalanxOutlineAgeGroup;0;1000;0.577922077922078
INCEPTION;MiddlePhalanxTW;MiddlePhalanxOutlineAgeGroup;63;1000;0.7467532467532467
CNN;MiddlePhalanxOutlineAgeGroup;MiddlePhalanxOutlineCorrect;0;100;0.8281786941580757
CNN;MiddlePhalanxOutlineAgeGroup;MiddlePhalanxOutlineCorrect;11;100;0.6701030927835051
RESNET;MiddlePhalanxOutlineAgeGroup;MiddlePhalanxOutlineCorrect;0;100;0.8178694158075601
RESNET;MiddlePhalanxOutlineAgeGroup;MiddlePhalanxOutlineCorrect;37;100;0.6185567010309279
ENCODER;MiddlePhalanxOutlineAgeGroup;MiddlePhalanxOutlineCorrect;0;100;0.7972508591065293
ENCODER;MiddlePhalanxOutlineAgeGroup;MiddlePhalanxOutlineCorrect;22;100;0.7491408934707904
INCEPTION;MiddlePhalanxOutlineAgeGroup;MiddlePhalanxOutlineCorrect;0;100;0.7766323024054983
INCEPTION;MiddlePhalanxOutlineAgeGroup;MiddlePhalanxOutlineCorrect;63;100;0.5876288659793815
CNN;MiddlePhalanxOutlineAgeGroup;MiddlePhalanxOutlineCorrect;0;1000;0.7766323024054983
CNN;MiddlePhalanxOutlineAgeGroup;MiddlePhalanxOutlineCorrect;11;1000;0.7766323024054983
RESNET;MiddlePhalanxOutlineAgeGroup;MiddlePhalanxOutlineCorrect;0;1000;0.8213058419243986
RESNET;MiddlePhalanxOutlineAgeGroup;MiddlePhalanxOutlineCorrect;37;1000;0.7525773195876289
ENCODER;MiddlePhalanxOutlineAgeGroup;MiddlePhalanxOutlineCorrect;0;1000;0.7972508591065293
ENCODER;MiddlePhalanxOutlineAgeGroup;MiddlePhalanxOutlineCorrect;22;1000;0.7766323024054983
INCEPTION;MiddlePhalanxOutlineAgeGroup;MiddlePhalanxOutlineCorrect;0;1000;0.8041237113402062
INCEPTION;MiddlePhalanxOutlineAgeGroup;MiddlePhalanxOutlineCorrect;63;1000;0.7766323024054983
CNN;MiddlePhalanxOutlineAgeGroup;MiddlePhalanxTW;0;100;0.44805194805194803
CNN;MiddlePhalanxOutlineAgeGroup;MiddlePhalanxTW;11;100;0.5974025974025974
RESNET;MiddlePhalanxOutlineAgeGroup;MiddlePhalanxTW;0;100;0.512987012987013
RESNET;MiddlePhalanxOutlineAgeGroup;MiddlePhalanxTW;37;100;0.5714285714285714
ENCODER;MiddlePhalanxOutlineAgeGroup;MiddlePhalanxTW;0;100;0.551948051948052
ENCODER;MiddlePhalanxOutlineAgeGroup;MiddlePhalanxTW;22;100;0.512987012987013
INCEPTION;MiddlePhalanxOutlineAgeGroup;MiddlePhalanxTW;0;100;0.5194805194805194
INCEPTION;MiddlePhalanxOutlineAgeGroup;MiddlePhalanxTW;63;100;0.6363636363636364
CNN;MiddlePhalanxOutlineAgeGroup;MiddlePhalanxTW;0;1000;0.538961038961039
CNN;MiddlePhalanxOutlineAgeGroup;MiddlePhalanxTW;11;1000;0.551948051948052
RESNET;MiddlePhalanxOutlineAgeGroup;MiddlePhalanxTW;0;1000;0.5064935064935064
RESNET;MiddlePhalanxOutlineAgeGroup;MiddlePhalanxTW;37;1000;0.564935064935065
ENCODER;MiddlePhalanxOutlineAgeGroup;MiddlePhalanxTW;0;1000;0.4935064935064935
ENCODER;MiddlePhalanxOutlineAgeGroup;MiddlePhalanxTW;22;1000;0.5909090909090909
INCEPTION;MiddlePhalanxOutlineAgeGroup;MiddlePhalanxTW;0;1000;0.5
INCEPTION;MiddlePhalanxOutlineAgeGroup;MiddlePhalanxTW;63;1000;0.6038961038961039
CNN;UWaveGestureLibraryY;MoteStrain;0;100;0.920926517571885
CNN;UWaveGestureLibraryY;MoteStrain;11;100;0.6837060702875399
RESNET;UWaveGestureLibraryY;MoteStrain;0;100;0.8801916932907349
RESNET;UWaveGestureLibraryY;MoteStrain;37;100;0.7340255591054313
ENCODER;UWaveGestureLibraryY;MoteStrain;0;100;0.8059105431309904
ENCODER;UWaveGestureLibraryY;MoteStrain;22;100;0.8162939297124601
INCEPTION;UWaveGestureLibraryY;MoteStrain;0;100;0.895367412140575
INCEPTION;UWaveGestureLibraryY;MoteStrain;63;100;0.7939297124600639
CNN;UWaveGestureLibraryY;MoteStrain;0;1000;0.9289137380191693
CNN;UWaveGestureLibraryY;MoteStrain;11;1000;0.7412140575079872
RESNET;UWaveGestureLibraryY;MoteStrain;0;1000;0.9297124600638977
RESNET;UWaveGestureLibraryY;MoteStrain;37;1000;0.8138977635782748
ENCODER;UWaveGestureLibraryY;MoteStrain;0;1000;0.8091054313099042
ENCODER;UWaveGestureLibraryY;MoteStrain;22;1000;0.8115015974440895
INCEPTION;UWaveGestureLibraryY;MoteStrain;0;1000;0.8793929712460063
INCEPTION;UWaveGestureLibraryY;MoteStrain;63;1000;0.860223642172524
CNN;NonInvasiveFetalECGThorax2;NonInvasiveFetalECGThorax1;0;100;0.051908396946564885
CNN;NonInvasiveFetalECGThorax2;NonInvasiveFetalECGThorax1;11;100;0.8987277353689568
RESNET;NonInvasiveFetalECGThorax2;NonInvasiveFetalECGThorax1;0;100;0.9424936386768448
RESNET;NonInvasiveFetalECGThorax2;NonInvasiveFetalECGThorax1;37;100;0.9012722646310433
ENCODER;NonInvasiveFetalECGThorax2;NonInvasiveFetalECGThorax1;0;100;0.8585241730279898
ENCODER;NonInvasiveFetalECGThorax2;NonInvasiveFetalECGThorax1;22;100;0.8783715012722646
INCEPTION;NonInvasiveFetalECGThorax2;NonInvasiveFetalECGThorax1;0;100;0.9511450381679389
INCEPTION;NonInvasiveFetalECGThorax2;NonInvasiveFetalECGThorax1;63;100;0.9104325699745547
CNN;NonInvasiveFetalECGThorax2;NonInvasiveFetalECGThorax1;0;1000;0.9572519083969465
CNN;NonInvasiveFetalECGThorax2;NonInvasiveFetalECGThorax1;11;1000;0.9241730279898219
RESNET;NonInvasiveFetalECGThorax2;NonInvasiveFetalECGThorax1;0;1000;0.9460559796437659
RESNET;NonInvasiveFetalECGThorax2;NonInvasiveFetalECGThorax1;37;1000;0.9119592875318067
ENCODER;NonInvasiveFetalECGThorax2;NonInvasiveFetalECGThorax1;0;1000;0.8778625954198473
ENCODER;NonInvasiveFetalECGThorax2;NonInvasiveFetalECGThorax1;22;1000;0.9287531806615776
INCEPTION;NonInvasiveFetalECGThorax2;NonInvasiveFetalECGThorax1;0;1000;0.9531806615776082
INCEPTION;NonInvasiveFetalECGThorax2;NonInvasiveFetalECGThorax1;63;1000;0.9297709923664123
CNN;NonInvasiveFetalECGThorax1;NonInvasiveFetalECGThorax2;0;100;0.8702290076335878
CNN;NonInvasiveFetalECGThorax1;NonInvasiveFetalECGThorax2;11;100;0.9211195928753181
RESNET;NonInvasiveFetalECGThorax1;NonInvasiveFetalECGThorax2;0;100;0.9465648854961832
RESNET;NonInvasiveFetalECGThorax1;NonInvasiveFetalECGThorax2;37;100;0.9236641221374046
ENCODER;NonInvasiveFetalECGThorax1;NonInvasiveFetalECGThorax2;0;100;0.917557251908397
ENCODER;NonInvasiveFetalECGThorax1;NonInvasiveFetalECGThorax2;22;100;0.9201017811704835
INCEPTION;NonInvasiveFetalECGThorax1;NonInvasiveFetalECGThorax2;0;100;0.9318066157760814
INCEPTION;NonInvasiveFetalECGThorax1;NonInvasiveFetalECGThorax2;63;100;0.9353689567430026
CNN;NonInvasiveFetalECGThorax1;NonInvasiveFetalECGThorax2;0;1000;0.95470737913486
CNN;NonInvasiveFetalECGThorax1;NonInvasiveFetalECGThorax2;11;1000;0.9323155216284987
RESNET;NonInvasiveFetalECGThorax1;NonInvasiveFetalECGThorax2;0;1000;0.9501272264631043
RESNET;NonInvasiveFetalECGThorax1;NonInvasiveFetalECGThorax2;37;1000;0.932824427480916
ENCODER;NonInvasiveFetalECGThorax1;NonInvasiveFetalECGThorax2;0;1000;0.9124681933842239
ENCODER;NonInvasiveFetalECGThorax1;NonInvasiveFetalECGThorax2;22;1000;0.934351145038168
INCEPTION;NonInvasiveFetalECGThorax1;NonInvasiveFetalECGThorax2;0;1000;0.9582697201017811
INCEPTION;NonInvasiveFetalECGThorax1;NonInvasiveFetalECGThorax2;63;1000;0.9486005089058525
CNN;Plane;OSULeaf;0;100;0.5
CNN;Plane;OSULeaf;11;100;0.5619834710743802
RESNET;Plane;OSULeaf;0;100;0.9462809917355371
RESNET;Plane;OSULeaf;37;100;0.6487603305785123
ENCODER;Plane;OSULeaf;0;100;0.5206611570247934
ENCODER;Plane;OSULeaf;22;100;0.5
INCEPTION;Plane;OSULeaf;0;100;0.6859504132231405
INCEPTION;Plane;OSULeaf;63;100;0.5785123966942148
CNN;Plane;OSULeaf;0;1000;0.9793388429752066
CNN;Plane;OSULeaf;11;1000;0.8264462809917356
RESNET;Plane;OSULeaf;0;1000;0.9834710743801653
RESNET;Plane;OSULeaf;37;1000;0.7355371900826446
ENCODER;Plane;OSULeaf;0;1000;0.5330578512396694
ENCODER;Plane;OSULeaf;22;1000;0.5082644628099173
INCEPTION;Plane;OSULeaf;0;1000;0.9338842975206612
INCEPTION;Plane;OSULeaf;63;1000;0.7231404958677686
CNN;WordSynonyms;OliveOil;0;100;0.13333333333333333
CNN;WordSynonyms;OliveOil;11;100;0.4
RESNET;WordSynonyms;OliveOil;0;100;0.5333333333333333
RESNET;WordSynonyms;OliveOil;37;100;0.4
ENCODER;WordSynonyms;OliveOil;0;100;0.4
ENCODER;WordSynonyms;OliveOil;22;100;0.4
INCEPTION;WordSynonyms;OliveOil;0;100;0.4
INCEPTION;WordSynonyms;OliveOil;63;100;0.4
CNN;WordSynonyms;OliveOil;0;1000;0.8
CNN;WordSynonyms;OliveOil;11;1000;0.4
RESNET;WordSynonyms;OliveOil;0;1000;0.9
RESNET;WordSynonyms;OliveOil;37;1000;0.4
ENCODER;WordSynonyms;OliveOil;0;1000;0.7666666666666667
ENCODER;WordSynonyms;OliveOil;22;1000;0.4
INCEPTION;WordSynonyms;OliveOil;0;1000;0.8666666666666667
INCEPTION;WordSynonyms;OliveOil;63;1000;0.43333333333333335
CNN;ProximalPhalanxTW;PhalangesOutlinesCorrect;0;100;0.8053613053613053
CNN;ProximalPhalanxTW;PhalangesOutlinesCorrect;11;100;0.7191142191142191
RESNET;ProximalPhalanxTW;PhalangesOutlinesCorrect;0;100;0.8228438228438228
RESNET;ProximalPhalanxTW;PhalangesOutlinesCorrect;37;100;0.6899766899766899
ENCODER;ProximalPhalanxTW;PhalangesOutlinesCorrect;0;100;0.8076923076923077
ENCODER;ProximalPhalanxTW;PhalangesOutlinesCorrect;22;100;0.6911421911421911
INCEPTION;ProximalPhalanxTW;PhalangesOutlinesCorrect;0;100;0.8111888111888111
INCEPTION;ProximalPhalanxTW;PhalangesOutlinesCorrect;63;100;0.7097902097902098
CNN;ProximalPhalanxTW;PhalangesOutlinesCorrect;0;1000;0.824009324009324
CNN;ProximalPhalanxTW;PhalangesOutlinesCorrect;11;1000;0.7435897435897436
RESNET;ProximalPhalanxTW;PhalangesOutlinesCorrect;0;1000;0.8321678321678322
RESNET;ProximalPhalanxTW;PhalangesOutlinesCorrect;37;1000;0.717948717948718
ENCODER;ProximalPhalanxTW;PhalangesOutlinesCorrect;0;1000;0.8205128205128205
ENCODER;ProximalPhalanxTW;PhalangesOutlinesCorrect;22;1000;0.7668997668997669
INCEPTION;ProximalPhalanxTW;PhalangesOutlinesCorrect;0;1000;0.8473193473193473
INCEPTION;ProximalPhalanxTW;PhalangesOutlinesCorrect;63;1000;0.7634032634032634
CNN;FordA;Phoneme;0;100;0.3143459915611814
CNN;FordA;Phoneme;11;100;0.19251054852320676
RESNET;FordA;Phoneme;0;100;0.3491561181434599
RESNET;FordA;Phoneme;37;100;0.23734177215189872
ENCODER;FordA;Phoneme;0;100;0.15031645569620253
ENCODER;FordA;Phoneme;22;100;0.17405063291139242
INCEPTION;FordA;Phoneme;0;100;0.32858649789029537
INCEPTION;FordA;Phoneme;63;100;0.185126582278481
CNN;FordA;Phoneme;0;1000;0.3069620253164557
CNN;FordA;Phoneme;11;1000;0.23259493670886075
RESNET;FordA;Phoneme;0;1000;0.33122362869198313
RESNET;FordA;Phoneme;37;1000;0.26476793248945146
ENCODER;FordA;Phoneme;0;1000;0.1271097046413502
ENCODER;FordA;Phoneme;22;1000;0.1809071729957806
INCEPTION;FordA;Phoneme;0;1000;0.3190928270042194
INCEPTION;FordA;Phoneme;63;1000;0.24472573839662448
CNN;SwedishLeaf;Plane;0;100;1.0
CNN;SwedishLeaf;Plane;11;100;1.0
RESNET;SwedishLeaf;Plane;0;100;1.0
RESNET;SwedishLeaf;Plane;37;100;1.0
ENCODER;SwedishLeaf;Plane;0;100;0.9904761904761905
ENCODER;SwedishLeaf;Plane;22;100;0.9809523809523809
INCEPTION;SwedishLeaf;Plane;0;100;1.0
INCEPTION;SwedishLeaf;Plane;63;100;0.9809523809523809
CNN;SwedishLeaf;Plane;0;1000;1.0
CNN;SwedishLeaf;Plane;11;1000;1.0
RESNET;SwedishLeaf;Plane;0;1000;1.0
RESNET;SwedishLeaf;Plane;37;1000;1.0
ENCODER;SwedishLeaf;Plane;0;1000;0.9904761904761905
ENCODER;SwedishLeaf;Plane;22;1000;0.9809523809523809
INCEPTION;SwedishLeaf;Plane;0;1000;1.0
INCEPTION;SwedishLeaf;Plane;63;1000;1.0
CNN;ProximalPhalanxTW;ProximalPhalanxOutlineAgeGroup;0;100;0.8731707317073171
CNN;ProximalPhalanxTW;ProximalPhalanxOutlineAgeGroup;11;100;0.8341463414634146
RESNET;ProximalPhalanxTW;ProximalPhalanxOutlineAgeGroup;0;100;0.848780487804878
RESNET;ProximalPhalanxTW;ProximalPhalanxOutlineAgeGroup;37;100;0.8390243902439024
ENCODER;ProximalPhalanxTW;ProximalPhalanxOutlineAgeGroup;0;100;0.8682926829268293
ENCODER;ProximalPhalanxTW;ProximalPhalanxOutlineAgeGroup;22;100;0.8634146341463415
INCEPTION;ProximalPhalanxTW;ProximalPhalanxOutlineAgeGroup;0;100;0.8439024390243902
INCEPTION;ProximalPhalanxTW;ProximalPhalanxOutlineAgeGroup;63;100;0.8390243902439024
CNN;ProximalPhalanxTW;ProximalPhalanxOutlineAgeGroup;0;1000;0.8292682926829268
CNN;ProximalPhalanxTW;ProximalPhalanxOutlineAgeGroup;11;1000;0.8341463414634146
RESNET;ProximalPhalanxTW;ProximalPhalanxOutlineAgeGroup;0;1000;0.8536585365853658
RESNET;ProximalPhalanxTW;ProximalPhalanxOutlineAgeGroup;37;1000;0.8439024390243902
ENCODER;ProximalPhalanxTW;ProximalPhalanxOutlineAgeGroup;0;1000;0.8390243902439024
ENCODER;ProximalPhalanxTW;ProximalPhalanxOutlineAgeGroup;22;1000;0.848780487804878
INCEPTION;ProximalPhalanxTW;ProximalPhalanxOutlineAgeGroup;0;1000;0.848780487804878
INCEPTION;ProximalPhalanxTW;ProximalPhalanxOutlineAgeGroup;63;1000;0.8585365853658536
CNN;ProximalPhalanxTW;ProximalPhalanxOutlineCorrect;0;100;0.8144329896907216
CNN;ProximalPhalanxTW;ProximalPhalanxOutlineCorrect;11;100;0.8144329896907216
RESNET;ProximalPhalanxTW;ProximalPhalanxOutlineCorrect;0;100;0.9209621993127147
RESNET;ProximalPhalanxTW;ProximalPhalanxOutlineCorrect;37;100;0.852233676975945
ENCODER;ProximalPhalanxTW;ProximalPhalanxOutlineCorrect;0;100;0.9140893470790378
ENCODER;ProximalPhalanxTW;ProximalPhalanxOutlineCorrect;22;100;0.7663230240549829
INCEPTION;ProximalPhalanxTW;ProximalPhalanxOutlineCorrect;0;100;0.8934707903780069
INCEPTION;ProximalPhalanxTW;ProximalPhalanxOutlineCorrect;63;100;0.7800687285223368
CNN;ProximalPhalanxTW;ProximalPhalanxOutlineCorrect;0;1000;0.9003436426116839
CNN;ProximalPhalanxTW;ProximalPhalanxOutlineCorrect;11;1000;0.8556701030927835
RESNET;ProximalPhalanxTW;ProximalPhalanxOutlineCorrect;0;1000;0.9347079037800687
RESNET;ProximalPhalanxTW;ProximalPhalanxOutlineCorrect;37;1000;0.8694158075601375
ENCODER;ProximalPhalanxTW;ProximalPhalanxOutlineCorrect;0;1000;0.9037800687285223
ENCODER;ProximalPhalanxTW;ProximalPhalanxOutlineCorrect;22;1000;0.845360824742268
INCEPTION;ProximalPhalanxTW;ProximalPhalanxOutlineCorrect;0;1000;0.9209621993127147
INCEPTION;ProximalPhalanxTW;ProximalPhalanxOutlineCorrect;63;1000;0.8419243986254296
CNN;ProximalPhalanxOutlineAgeGroup;ProximalPhalanxTW;0;100;0.8195121951219512
CNN;ProximalPhalanxOutlineAgeGroup;ProximalPhalanxTW;11;100;0.8146341463414634
RESNET;ProximalPhalanxOutlineAgeGroup;ProximalPhalanxTW;0;100;0.775609756097561
RESNET;ProximalPhalanxOutlineAgeGroup;ProximalPhalanxTW;37;100;0.7902439024390244
ENCODER;ProximalPhalanxOutlineAgeGroup;ProximalPhalanxTW;0;100;0.7804878048780488
ENCODER;ProximalPhalanxOutlineAgeGroup;ProximalPhalanxTW;22;100;0.7853658536585366
INCEPTION;ProximalPhalanxOutlineAgeGroup;ProximalPhalanxTW;0;100;0.6097560975609756
INCEPTION;ProximalPhalanxOutlineAgeGroup;ProximalPhalanxTW;63;100;0.7658536585365854
CNN;ProximalPhalanxOutlineAgeGroup;ProximalPhalanxTW;0;1000;0.7658536585365854
CNN;ProximalPhalanxOutlineAgeGroup;ProximalPhalanxTW;11;1000;0.7853658536585366
RESNET;ProximalPhalanxOutlineAgeGroup;ProximalPhalanxTW;0;1000;0.8
RESNET;ProximalPhalanxOutlineAgeGroup;ProximalPhalanxTW;37;1000;0.8146341463414634
ENCODER;ProximalPhalanxOutlineAgeGroup;ProximalPhalanxTW;0;1000;0.7804878048780488
ENCODER;ProximalPhalanxOutlineAgeGroup;ProximalPhalanxTW;22;1000;0.7268292682926829
INCEPTION;ProximalPhalanxOutlineAgeGroup;ProximalPhalanxTW;0;1000;0.7560975609756098
INCEPTION;ProximalPhalanxOutlineAgeGroup;ProximalPhalanxTW;63;1000;0.7951219512195122
CNN;FordA;RefrigerationDevices;0;100;0.544
CNN;FordA;RefrigerationDevices;11;100;0.5013333333333333
RESNET;FordA;RefrigerationDevices;0;100;0.528
RESNET;FordA;RefrigerationDevices;37;100;0.5173333333333333
ENCODER;FordA;RefrigerationDevices;0;100;0.408
ENCODER;FordA;RefrigerationDevices;22;100;0.392
INCEPTION;FordA;RefrigerationDevices;0;100;0.5226666666666666
INCEPTION;FordA;RefrigerationDevices;63;100;0.432
CNN;FordA;RefrigerationDevices;0;1000;0.5146666666666667
CNN;FordA;RefrigerationDevices;11;1000;0.49066666666666664
RESNET;FordA;RefrigerationDevices;0;1000;0.5653333333333334
RESNET;FordA;RefrigerationDevices;37;1000;0.5706666666666667
ENCODER;FordA;RefrigerationDevices;0;1000;0.41333333333333333
ENCODER;FordA;RefrigerationDevices;22;1000;0.4106666666666667
INCEPTION;FordA;RefrigerationDevices;0;1000;0.4826666666666667
INCEPTION;FordA;RefrigerationDevices;63;1000;0.504
CNN;ElectricDevices;ScreenType;0;100;0.6213333333333333
CNN;ElectricDevices;ScreenType;11;100;0.49066666666666664
RESNET;ElectricDevices;ScreenType;0;100;0.6026666666666667
RESNET;ElectricDevices;ScreenType;37;100;0.5386666666666666
ENCODER;ElectricDevices;ScreenType;0;100;0.38133333333333336
ENCODER;ElectricDevices;ScreenType;22;100;0.33866666666666667
INCEPTION;ElectricDevices;ScreenType;0;100;0.6213333333333333
INCEPTION;ElectricDevices;ScreenType;63;100;0.4
CNN;ElectricDevices;ScreenType;0;1000;0.6426666666666667
CNN;ElectricDevices;ScreenType;11;1000;0.536
RESNET;ElectricDevices;ScreenType;0;1000;0.608
RESNET;ElectricDevices;ScreenType;37;1000;0.592
ENCODER;ElectricDevices;ScreenType;0;1000;0.35733333333333334
ENCODER;ElectricDevices;ScreenType;22;1000;0.37066666666666664
INCEPTION;ElectricDevices;ScreenType;0;1000;0.576
INCEPTION;ElectricDevices;ScreenType;63;1000;0.4186666666666667
CNN;RefrigerationDevices;ShapeletSim;0;100;0.5
CNN;RefrigerationDevices;ShapeletSim;11;100;0.34444444444444444
RESNET;RefrigerationDevices;ShapeletSim;0;100;0.8777777777777778
RESNET;RefrigerationDevices;ShapeletSim;37;100;0.9444444444444444
ENCODER;RefrigerationDevices;ShapeletSim;0;100;0.48333333333333334
ENCODER;RefrigerationDevices;ShapeletSim;22;100;0.5722222222222222
INCEPTION;RefrigerationDevices;ShapeletSim;0;100;0.6333333333333333
INCEPTION;RefrigerationDevices;ShapeletSim;63;100;0.5777777777777777
CNN;RefrigerationDevices;ShapeletSim;0;1000;0.9666666666666667
CNN;RefrigerationDevices;ShapeletSim;11;1000;0.6333333333333333
RESNET;RefrigerationDevices;ShapeletSim;0;1000;1.0
RESNET;RefrigerationDevices;ShapeletSim;37;1000;0.9555555555555556
ENCODER;RefrigerationDevices;ShapeletSim;0;1000;0.4166666666666667
ENCODER;RefrigerationDevices;ShapeletSim;22;1000;0.5388888888888889
INCEPTION;RefrigerationDevices;ShapeletSim;0;1000;0.9444444444444444
INCEPTION;RefrigerationDevices;ShapeletSim;63;1000;0.6777777777777778
CNN;DiatomSizeReduction;ShapesAll;0;100;0.5433333333333333
CNN;DiatomSizeReduction;ShapesAll;11;100;0.645
RESNET;DiatomSizeReduction;ShapesAll;0;100;0.9066666666666666
RESNET;DiatomSizeReduction;ShapesAll;37;100;0.5983333333333334
ENCODER;DiatomSizeReduction;ShapesAll;0;100;0.7116666666666667
ENCODER;DiatomSizeReduction;ShapesAll;22;100;0.6716666666666666
INCEPTION;DiatomSizeReduction;ShapesAll;0;100;0.905
INCEPTION;DiatomSizeReduction;ShapesAll;63;100;0.6183333333333333
CNN;DiatomSizeReduction;ShapesAll;0;1000;0.895
CNN;DiatomSizeReduction;ShapesAll;11;1000;0.7566666666666667
RESNET;DiatomSizeReduction;ShapesAll;0;1000;0.9233333333333333
RESNET;DiatomSizeReduction;ShapesAll;37;1000;0.7133333333333334
ENCODER;DiatomSizeReduction;ShapesAll;0;1000;0.7133333333333334
ENCODER;DiatomSizeReduction;ShapesAll;22;1000;0.6966666666666667
INCEPTION;DiatomSizeReduction;ShapesAll;0;1000;0.9166666666666666
INCEPTION;DiatomSizeReduction;ShapesAll;63;1000;0.7666666666666667
CNN;Lightning7;SmallKitchenAppliances;0;100;0.336
CNN;Lightning7;SmallKitchenAppliances;11;100;0.7626666666666667
RESNET;Lightning7;SmallKitchenAppliances;0;100;0.48
RESNET;Lightning7;SmallKitchenAppliances;37;100;0.7813333333333333
ENCODER;Lightning7;SmallKitchenAppliances;0;100;0.608
ENCODER;Lightning7;SmallKitchenAppliances;22;100;0.41333333333333333
INCEPTION;Lightning7;SmallKitchenAppliances;0;100;0.56
INCEPTION;Lightning7;SmallKitchenAppliances;63;100;0.7386666666666667
CNN;Lightning7;SmallKitchenAppliances;0;1000;0.7973333333333333
CNN;Lightning7;SmallKitchenAppliances;11;1000;0.8213333333333334
RESNET;Lightning7;SmallKitchenAppliances;0;1000;0.6933333333333334
RESNET;Lightning7;SmallKitchenAppliances;37;1000;0.8426666666666667
ENCODER;Lightning7;SmallKitchenAppliances;0;1000;0.576
ENCODER;Lightning7;SmallKitchenAppliances;22;1000;0.41333333333333333
INCEPTION;Lightning7;SmallKitchenAppliances;0;1000;0.7786666666666666
INCEPTION;Lightning7;SmallKitchenAppliances;63;1000;0.8053333333333333
CNN;SwedishLeaf;SonyAIBORobotSurface1;0;100;0.9900166389351082
CNN;SwedishLeaf;SonyAIBORobotSurface1;11;100;0.8019966722129783
RESNET;SwedishLeaf;SonyAIBORobotSurface1;0;100;0.8752079866888519
RESNET;SwedishLeaf;SonyAIBORobotSurface1;37;100;0.800332778702163
ENCODER;SwedishLeaf;SonyAIBORobotSurface1;0;100;0.7953410981697171
ENCODER;SwedishLeaf;SonyAIBORobotSurface1;22;100;0.6805324459234608
INCEPTION;SwedishLeaf;SonyAIBORobotSurface1;0;100;0.8286189683860233
INCEPTION;SwedishLeaf;SonyAIBORobotSurface1;63;100;0.7870216306156406
CNN;SwedishLeaf;SonyAIBORobotSurface1;0;1000;0.9683860232945092
CNN;SwedishLeaf;SonyAIBORobotSurface1;11;1000;0.8502495840266223
RESNET;SwedishLeaf;SonyAIBORobotSurface1;0;1000;0.9717138103161398
RESNET;SwedishLeaf;SonyAIBORobotSurface1;37;1000;0.8569051580698835
ENCODER;SwedishLeaf;SonyAIBORobotSurface1;0;1000;0.8153078202995009
ENCODER;SwedishLeaf;SonyAIBORobotSurface1;22;1000;0.7121464226289518
INCEPTION;SwedishLeaf;SonyAIBORobotSurface1;0;1000;0.8635607321131448
INCEPTION;SwedishLeaf;SonyAIBORobotSurface1;63;1000;0.7936772046589018
CNN;SyntheticControl;SonyAIBORobotSurface2;0;100;0.9328436516264428
CNN;SyntheticControl;SonyAIBORobotSurface2;11;100;0.8719832109129066
RESNET;SyntheticControl;SonyAIBORobotSurface2;0;100;0.9055613850996852
RESNET;SyntheticControl;SonyAIBORobotSurface2;37;100;0.8541448058761805
ENCODER;SyntheticControl;SonyAIBORobotSurface2;0;100;0.8457502623294858
ENCODER;SyntheticControl;SonyAIBORobotSurface2;22;100;0.8111227701993704
INCEPTION;SyntheticControl;SonyAIBORobotSurface2;0;100;0.9118572927597062
INCEPTION;SyntheticControl;SonyAIBORobotSurface2;63;100;0.8719832109129066
CNN;SyntheticControl;SonyAIBORobotSurface2;0;1000;0.9695697796432319
CNN;SyntheticControl;SonyAIBORobotSurface2;11;1000;0.9055613850996852
RESNET;SyntheticControl;SonyAIBORobotSurface2;0;1000;0.9349422875131165
RESNET;SyntheticControl;SonyAIBORobotSurface2;37;1000;0.8824763903462749
ENCODER;SyntheticControl;SonyAIBORobotSurface2;0;1000;0.85099685204617
ENCODER;SyntheticControl;SonyAIBORobotSurface2;22;1000;0.8184679958027282
INCEPTION;SyntheticControl;SonyAIBORobotSurface2;0;1000;0.9359916054564533
INCEPTION;SyntheticControl;SonyAIBORobotSurface2;63;1000;0.8856243441762854
CNN;UWaveGestureLibraryX;StarLightCurves;0;100;0.7980815930063138
CNN;UWaveGestureLibraryX;StarLightCurves;11;100;0.961996114618747
RESNET;UWaveGestureLibraryX;StarLightCurves;0;100;0.9424477901894124
RESNET;UWaveGestureLibraryX;StarLightCurves;37;100;0.9596891694997571
ENCODER;UWaveGestureLibraryX;StarLightCurves;0;100;0.9583535696940262
ENCODER;UWaveGestureLibraryX;StarLightCurves;22;100;0.9465760077707625
INCEPTION;UWaveGestureLibraryX;StarLightCurves;0;100;0.9736522583778533
INCEPTION;UWaveGestureLibraryX;StarLightCurves;63;100;0.9050509956289461
CNN;UWaveGestureLibraryX;StarLightCurves;0;1000;0.9600534239922293
CNN;UWaveGestureLibraryX;StarLightCurves;11;1000;0.9678241864983002
RESNET;UWaveGestureLibraryX;StarLightCurves;0;1000;0.9759592034968432
RESNET;UWaveGestureLibraryX;StarLightCurves;37;1000;0.9635745507527926
ENCODER;UWaveGestureLibraryX;StarLightCurves;0;1000;0.9609033511413307
ENCODER;UWaveGestureLibraryX;StarLightCurves;22;1000;0.9456046624575036
INCEPTION;UWaveGestureLibraryX;StarLightCurves;0;1000;0.9781447304516756
INCEPTION;UWaveGestureLibraryX;StarLightCurves;63;1000;0.9573822243807674
CNN;WordSynonyms;Strawberry;0;100;0.6675675675675675
CNN;WordSynonyms;Strawberry;11;100;0.8729729729729729
RESNET;WordSynonyms;Strawberry;0;100;0.9675675675675676
RESNET;WordSynonyms;Strawberry;37;100;0.9027027027027027
ENCODER;WordSynonyms;Strawberry;0;100;0.9648648648648649
ENCODER;WordSynonyms;Strawberry;22;100;0.918918918918919
INCEPTION;WordSynonyms;Strawberry;0;100;0.972972972972973
INCEPTION;WordSynonyms;Strawberry;63;100;0.8081081081081081
CNN;WordSynonyms;Strawberry;0;1000;0.9783783783783784
CNN;WordSynonyms;Strawberry;11;1000;0.918918918918919
RESNET;WordSynonyms;Strawberry;0;1000;0.9837837837837838
RESNET;WordSynonyms;Strawberry;37;1000;0.9378378378378378
ENCODER;WordSynonyms;Strawberry;0;1000;0.9783783783783784
ENCODER;WordSynonyms;Strawberry;22;1000;0.9405405405405406
INCEPTION;WordSynonyms;Strawberry;0;1000;0.981081081081081
INCEPTION;WordSynonyms;Strawberry;63;1000;0.9054054054054054
CNN;Adiac;SwedishLeaf;0;100;0.9488
CNN;Adiac;SwedishLeaf;11;100;0.9248
RESNET;Adiac;SwedishLeaf;0;100;0.9392
RESNET;Adiac;SwedishLeaf;37;100;0.8864
ENCODER;Adiac;SwedishLeaf;0;100;0.9312
ENCODER;Adiac;SwedishLeaf;22;100;0.912
INCEPTION;Adiac;SwedishLeaf;0;100;0.9568
INCEPTION;Adiac;SwedishLeaf;63;100;0.8832
CNN;Adiac;SwedishLeaf;0;1000;0.9552
CNN;Adiac;SwedishLeaf;11;1000;0.9408
RESNET;Adiac;SwedishLeaf;0;1000;0.936
RESNET;Adiac;SwedishLeaf;37;1000;0.9008
ENCODER;Adiac;SwedishLeaf;0;1000;0.928
ENCODER;Adiac;SwedishLeaf;22;1000;0.9184
INCEPTION;Adiac;SwedishLeaf;0;1000;0.9584
INCEPTION;Adiac;SwedishLeaf;63;1000;0.9376
CNN;UWaveGestureLibraryX;Symbols;0;100;0.9628140703517588
CNN;UWaveGestureLibraryX;Symbols;11;100;0.7788944723618091
RESNET;UWaveGestureLibraryX;Symbols;0;100;0.9748743718592965
RESNET;UWaveGestureLibraryX;Symbols;37;100;0.8683417085427135
ENCODER;UWaveGestureLibraryX;Symbols;0;100;0.8743718592964824
ENCODER;UWaveGestureLibraryX;Symbols;22;100;0.8603015075376884
INCEPTION;UWaveGestureLibraryX;Symbols;0;100;0.9386934673366835
INCEPTION;UWaveGestureLibraryX;Symbols;63;100;0.9206030150753769
CNN;UWaveGestureLibraryX;Symbols;0;1000;0.9829145728643216
CNN;UWaveGestureLibraryX;Symbols;11;1000;0.9748743718592965
RESNET;UWaveGestureLibraryX;Symbols;0;1000;0.9758793969849247
RESNET;UWaveGestureLibraryX;Symbols;37;1000;0.9547738693467337
ENCODER;UWaveGestureLibraryX;Symbols;0;1000;0.8904522613065327
ENCODER;UWaveGestureLibraryX;Symbols;22;1000;0.8442211055276382
INCEPTION;UWaveGestureLibraryX;Symbols;0;1000;0.9748743718592965
INCEPTION;UWaveGestureLibraryX;Symbols;63;1000;0.942713567839196
CNN;ToeSegmentation2;ToeSegmentation1;0;100;0.9298245614035088
CNN;ToeSegmentation2;ToeSegmentation1;11;100;0.8640350877192983
RESNET;ToeSegmentation2;ToeSegmentation1;0;100;0.9473684210526315
RESNET;ToeSegmentation2;ToeSegmentation1;37;100;0.8201754385964912
ENCODER;ToeSegmentation2;ToeSegmentation1;0;100;0.5964912280701754
ENCODER;ToeSegmentation2;ToeSegmentation1;22;100;0.5482456140350878
INCEPTION;ToeSegmentation2;ToeSegmentation1;0;100;0.8947368421052632
INCEPTION;ToeSegmentation2;ToeSegmentation1;63;100;0.7807017543859649
CNN;ToeSegmentation2;ToeSegmentation1;0;1000;0.9605263157894737
CNN;ToeSegmentation2;ToeSegmentation1;11;1000;0.881578947368421
RESNET;ToeSegmentation2;ToeSegmentation1;0;1000;0.956140350877193
RESNET;ToeSegmentation2;ToeSegmentation1;37;1000;0.8771929824561403
ENCODER;ToeSegmentation2;ToeSegmentation1;0;1000;0.5833333333333334
ENCODER;ToeSegmentation2;ToeSegmentation1;22;1000;0.5657894736842105
INCEPTION;ToeSegmentation2;ToeSegmentation1;0;1000;0.9780701754385965
INCEPTION;ToeSegmentation2;ToeSegmentation1;63;1000;0.9254385964912281
CNN;ToeSegmentation1;ToeSegmentation2;0;100;0.9230769230769231
CNN;ToeSegmentation1;ToeSegmentation2;11;100;0.8846153846153846
RESNET;ToeSegmentation1;ToeSegmentation2;0;100;0.9384615384615385
RESNET;ToeSegmentation1;ToeSegmentation2;37;100;0.9538461538461539
ENCODER;ToeSegmentation1;ToeSegmentation2;0;100;0.6692307692307692
ENCODER;ToeSegmentation1;ToeSegmentation2;22;100;0.46923076923076923
INCEPTION;ToeSegmentation1;ToeSegmentation2;0;100;0.9384615384615385
INCEPTION;ToeSegmentation1;ToeSegmentation2;63;100;0.9384615384615385
CNN;ToeSegmentation1;ToeSegmentation2;0;1000;0.8769230769230769
CNN;ToeSegmentation1;ToeSegmentation2;11;1000;0.9153846153846154
RESNET;ToeSegmentation1;ToeSegmentation2;0;1000;0.8846153846153846
RESNET;ToeSegmentation1;ToeSegmentation2;37;1000;0.9461538461538461
ENCODER;ToeSegmentation1;ToeSegmentation2;0;1000;0.6692307692307692
ENCODER;ToeSegmentation1;ToeSegmentation2;22;1000;0.47692307692307695
INCEPTION;ToeSegmentation1;ToeSegmentation2;0;1000;0.9307692307692308
INCEPTION;ToeSegmentation1;ToeSegmentation2;63;1000;0.9230769230769231
CNN;UWaveGestureLibraryY;Trace;0;100;1.0
CNN;UWaveGestureLibraryY;Trace;11;100;1.0
RESNET;UWaveGestureLibraryY;Trace;0;100;1.0
RESNET;UWaveGestureLibraryY;Trace;37;100;0.95
ENCODER;UWaveGestureLibraryY;Trace;0;100;0.98
ENCODER;UWaveGestureLibraryY;Trace;22;100;0.94
INCEPTION;UWaveGestureLibraryY;Trace;0;100;1.0
INCEPTION;UWaveGestureLibraryY;Trace;63;100;0.94
CNN;UWaveGestureLibraryY;Trace;0;1000;1.0
CNN;UWaveGestureLibraryY;Trace;11;1000;1.0
RESNET;UWaveGestureLibraryY;Trace;0;1000;1.0
RESNET;UWaveGestureLibraryY;Trace;37;1000;0.98
ENCODER;UWaveGestureLibraryY;Trace;0;1000;0.98
ENCODER;UWaveGestureLibraryY;Trace;22;1000;0.95
INCEPTION;UWaveGestureLibraryY;Trace;0;1000;1.0
INCEPTION;UWaveGestureLibraryY;Trace;63;1000;1.0
CNN;ItalyPowerDemand;TwoLeadECG;0;100;0.7594381035996488
CNN;ItalyPowerDemand;TwoLeadECG;11;100;0.7638279192273925
RESNET;ItalyPowerDemand;TwoLeadECG;0;100;0.9973661106233538
RESNET;ItalyPowerDemand;TwoLeadECG;37;100;0.7208077260755048
ENCODER;ItalyPowerDemand;TwoLeadECG;0;100;0.9789288849868305
ENCODER;ItalyPowerDemand;TwoLeadECG;22;100;0.8410886742756805
INCEPTION;ItalyPowerDemand;TwoLeadECG;0;100;0.6338893766461808
INCEPTION;ItalyPowerDemand;TwoLeadECG;63;100;0.7699736611062336
CNN;ItalyPowerDemand;TwoLeadECG;0;1000;0.9991220368744512
CNN;ItalyPowerDemand;TwoLeadECG;11;1000;0.845478489903424
RESNET;ItalyPowerDemand;TwoLeadECG;0;1000;1.0
RESNET;ItalyPowerDemand;TwoLeadECG;37;1000;0.8463564530289728
ENCODER;ItalyPowerDemand;TwoLeadECG;0;1000;0.9929762949956101
ENCODER;ItalyPowerDemand;TwoLeadECG;22;1000;0.9025460930640913
INCEPTION;ItalyPowerDemand;TwoLeadECG;0;1000;0.9956101843722563
INCEPTION;ItalyPowerDemand;TwoLeadECG;63;1000;0.9078138718173837
CNN;SonyAIBORobotSurface2;TwoPatterns;0;100;0.868
CNN;SonyAIBORobotSurface2;TwoPatterns;11;100;0.63
RESNET;SonyAIBORobotSurface2;TwoPatterns;0;100;1.0
RESNET;SonyAIBORobotSurface2;TwoPatterns;37;100;0.83025
ENCODER;SonyAIBORobotSurface2;TwoPatterns;0;100;0.9995
ENCODER;SonyAIBORobotSurface2;TwoPatterns;22;100;0.89525
INCEPTION;SonyAIBORobotSurface2;TwoPatterns;0;100;1.0
INCEPTION;SonyAIBORobotSurface2;TwoPatterns;63;100;0.741
CNN;SonyAIBORobotSurface2;TwoPatterns;0;1000;0.8745
CNN;SonyAIBORobotSurface2;TwoPatterns;11;1000;0.81475
RESNET;SonyAIBORobotSurface2;TwoPatterns;0;1000;1.0
RESNET;SonyAIBORobotSurface2;TwoPatterns;37;1000;0.87275
ENCODER;SonyAIBORobotSurface2;TwoPatterns;0;1000;1.0
ENCODER;SonyAIBORobotSurface2;TwoPatterns;22;1000;0.93175
INCEPTION;SonyAIBORobotSurface2;TwoPatterns;0;1000;1.0
INCEPTION;SonyAIBORobotSurface2;TwoPatterns;63;1000;0.97875
CNN;Worms;UWaveGestureLibraryAll;0;100;0.5603015075376885
CNN;Worms;UWaveGestureLibraryAll;11;100;0.5150753768844221
RESNET;Worms;UWaveGestureLibraryAll;0;100;0.8626465661641541
RESNET;Worms;UWaveGestureLibraryAll;37;100;0.5681183696259073
ENCODER;Worms;UWaveGestureLibraryAll;0;100;0.9595198213288666
ENCODER;Worms;UWaveGestureLibraryAll;22;100;0.894751535455053
